Timestamp,ActiveRequests,Lag_ms,VirtualLimit,Status,Kp_Used
2026-02-07T11:41:22.679Z,0,48.27,17,OK,0.1
2026-02-07T11:41:22.729Z,0,34.18,16,OK,0.1
2026-02-07T11:41:22.779Z,0,29.50,15,OK,0.1
2026-02-07T11:41:22.829Z,0,20.28,16,OK,0.1
2026-02-07T11:41:22.879Z,0,20.41,17,OK,0.1
2026-02-07T11:41:22.929Z,0,20.29,18,OK,0.1
2026-02-07T11:41:22.979Z,0,20.16,19,OK,0.1
2026-02-07T11:41:23.029Z,0,20.11,20,OK,0.1
2026-02-07T11:41:23.079Z,0,20.24,21,OK,0.1
2026-02-07T11:41:23.129Z,0,20.17,22,OK,0.1
2026-02-07T11:41:23.179Z,0,20.11,23,OK,0.1
2026-02-07T11:41:23.229Z,0,20.02,24,OK,0.1
2026-02-07T11:41:23.279Z,0,20.07,25,OK,0.1
2026-02-07T11:41:23.330Z,0,19.93,26,OK,0.1
2026-02-07T11:41:23.380Z,0,20.05,27,OK,0.1
2026-02-07T11:41:23.430Z,0,20.00,28,OK,0.1
2026-02-07T11:41:23.480Z,0,20.20,29,OK,0.1
2026-02-07T11:41:23.530Z,0,20.25,30,OK,0.1
2026-02-07T11:41:23.580Z,0,20.36,31,OK,0.1
2026-02-07T11:41:23.630Z,0,20.34,32,OK,0.1
2026-02-07T11:41:23.680Z,0,20.29,33,OK,0.1
2026-02-07T11:41:23.730Z,0,20.50,34,OK,0.1
2026-02-07T11:41:23.780Z,0,20.45,35,OK,0.1
2026-02-07T11:41:23.830Z,0,20.30,36,OK,0.1
2026-02-07T11:41:23.880Z,0,20.09,37,OK,0.1
2026-02-07T11:41:23.931Z,0,20.26,38,OK,0.1
2026-02-07T11:41:23.982Z,0,20.47,39,OK,0.1
2026-02-07T11:41:24.032Z,0,20.26,40,OK,0.1
2026-02-07T11:41:24.082Z,0,20.25,41,OK,0.1
2026-02-07T11:41:24.132Z,0,20.34,42,OK,0.1
2026-02-07T11:41:24.182Z,0,20.53,43,OK,0.1
2026-02-07T11:41:24.232Z,0,20.23,44,OK,0.1
2026-02-07T11:41:24.282Z,0,20.09,45,OK,0.1
2026-02-07T11:41:24.332Z,0,19.96,46,OK,0.1
2026-02-07T11:41:24.382Z,0,20.17,47,OK,0.1
2026-02-07T11:41:24.433Z,0,20.26,48,OK,0.1
2026-02-07T11:41:24.483Z,0,20.38,49,OK,0.1
2026-02-07T11:41:24.533Z,0,20.50,50,OK,0.1
2026-02-07T11:41:24.583Z,0,20.42,50,OK,0.1
2026-02-07T11:41:24.634Z,0,20.47,50,OK,0.1
2026-02-07T11:41:24.684Z,0,20.38,50,OK,0.1
2026-02-07T11:41:24.734Z,0,20.23,50,OK,0.1
2026-02-07T11:41:24.784Z,0,20.17,50,OK,0.1
2026-02-07T11:41:24.834Z,0,20.19,50,OK,0.1
2026-02-07T11:41:24.884Z,0,20.35,50,OK,0.1
2026-02-07T11:41:24.934Z,0,20.43,50,OK,0.1
2026-02-07T11:41:24.984Z,0,20.37,50,OK,0.1
2026-02-07T11:41:25.034Z,0,20.41,50,OK,0.1
2026-02-07T11:41:25.084Z,0,20.34,50,OK,0.1
2026-02-07T11:41:25.134Z,0,20.39,50,OK,0.1
2026-02-07T11:41:25.186Z,0,20.30,50,OK,0.1
2026-02-07T11:41:25.236Z,0,20.17,50,OK,0.1
2026-02-07T11:41:25.287Z,0,20.11,50,OK,0.1
2026-02-07T11:41:25.337Z,0,20.05,50,OK,0.1
2026-02-07T11:41:25.389Z,0,20.16,50,OK,0.1
2026-02-07T11:41:25.439Z,0,20.04,50,OK,0.1
2026-02-07T11:41:25.489Z,0,20.16,50,OK,0.1
2026-02-07T11:41:25.539Z,0,20.21,50,OK,0.1
2026-02-07T11:41:25.589Z,0,20.34,50,OK,0.1
2026-02-07T11:41:25.639Z,0,20.24,50,OK,0.1
2026-02-07T11:41:25.690Z,0,20.21,50,OK,0.1
2026-02-07T11:41:25.740Z,0,20.32,50,OK,0.1
2026-02-07T11:41:25.791Z,0,20.50,50,OK,0.1
2026-02-07T11:41:25.841Z,0,20.61,50,OK,0.1
2026-02-07T11:41:25.891Z,0,20.50,50,OK,0.1
2026-02-07T11:41:25.941Z,0,20.52,50,OK,0.1
2026-02-07T11:41:25.991Z,0,20.41,50,OK,0.1
2026-02-07T11:41:26.041Z,0,20.37,50,OK,0.1
2026-02-07T11:41:26.091Z,0,20.24,50,OK,0.1
2026-02-07T11:41:26.141Z,0,20.21,50,OK,0.1
2026-02-07T11:41:26.191Z,0,20.25,50,OK,0.1
2026-02-07T11:41:26.241Z,0,20.24,50,OK,0.1
2026-02-07T11:41:26.291Z,0,20.25,50,OK,0.1
2026-02-07T11:41:26.342Z,0,20.25,50,OK,0.1
2026-02-07T11:41:26.393Z,0,20.28,50,OK,0.1
2026-02-07T11:41:26.443Z,0,20.22,50,OK,0.1
2026-02-07T11:41:26.493Z,0,20.21,50,OK,0.1
2026-02-07T11:41:26.543Z,0,20.26,50,OK,0.1
2026-02-07T11:41:26.593Z,0,20.33,50,OK,0.1
2026-02-07T11:41:26.645Z,0,20.37,50,OK,0.1
2026-02-07T11:41:26.695Z,0,20.27,50,OK,0.1
2026-02-07T11:41:26.746Z,0,20.26,50,OK,0.1
2026-02-07T11:41:26.796Z,0,20.18,50,OK,0.1
2026-02-07T11:41:26.846Z,0,20.13,50,OK,0.1
2026-02-07T11:41:26.896Z,0,20.12,50,OK,0.1
2026-02-07T11:41:26.946Z,0,20.18,50,OK,0.1
2026-02-07T11:41:26.996Z,0,20.21,50,OK,0.1
2026-02-07T11:41:27.047Z,0,20.32,50,OK,0.1
2026-02-07T11:41:27.097Z,0,20.26,50,OK,0.1
2026-02-07T11:41:27.147Z,0,20.38,50,OK,0.1
2026-02-07T11:41:27.197Z,0,20.31,50,OK,0.1
2026-02-07T11:41:27.248Z,0,20.36,50,OK,0.1
2026-02-07T11:41:27.299Z,0,20.29,50,OK,0.1
2026-02-07T11:41:27.349Z,0,20.32,50,OK,0.1
2026-02-07T11:41:27.400Z,0,20.27,50,OK,0.1
2026-02-07T11:41:27.451Z,0,20.24,50,OK,0.1
2026-02-07T11:41:27.502Z,0,20.18,50,OK,0.1
2026-02-07T11:41:27.552Z,0,20.17,50,OK,0.1
2026-02-07T11:41:27.602Z,0,20.22,50,OK,0.1
2026-02-07T11:41:27.652Z,0,20.13,50,OK,0.1
2026-02-07T11:41:27.702Z,0,20.17,50,OK,0.1
2026-02-07T11:41:27.752Z,0,20.15,50,OK,0.1
2026-02-07T11:41:27.804Z,0,20.27,50,OK,0.1
2026-02-07T11:41:27.854Z,0,20.34,50,OK,0.1
2026-02-07T11:41:27.904Z,0,20.38,50,OK,0.1
2026-02-07T11:41:27.954Z,0,20.39,50,OK,0.1
2026-02-07T11:41:28.004Z,0,20.36,50,OK,0.1
2026-02-07T11:41:28.055Z,0,20.18,50,OK,0.1
2026-02-07T11:41:28.105Z,0,20.15,50,OK,0.1
2026-02-07T11:41:28.155Z,0,20.01,50,OK,0.1
2026-02-07T11:41:28.205Z,0,19.82,50,OK,0.1
2026-02-07T11:41:28.255Z,0,19.82,50,OK,0.1
2026-02-07T11:41:28.306Z,0,19.96,50,OK,0.1
2026-02-07T11:41:28.356Z,0,20.37,50,OK,0.1
2026-02-07T11:41:28.406Z,0,20.39,50,OK,0.1
2026-02-07T11:41:28.456Z,0,20.35,50,OK,0.1
2026-02-07T11:41:28.506Z,0,20.36,50,OK,0.1
2026-02-07T11:41:28.556Z,0,20.36,50,OK,0.1
2026-02-07T11:41:28.607Z,0,20.31,50,OK,0.1
2026-02-07T11:41:28.657Z,0,20.22,50,OK,0.1
2026-02-07T11:41:28.707Z,0,20.20,50,OK,0.1
2026-02-07T11:41:28.756Z,0,20.19,50,OK,0.1
2026-02-07T11:41:28.807Z,0,20.16,50,OK,0.1
2026-02-07T11:41:28.857Z,0,20.17,50,OK,0.1
2026-02-07T11:41:28.907Z,0,20.12,50,OK,0.1
2026-02-07T11:41:28.957Z,0,20.18,50,OK,0.1
2026-02-07T11:41:29.007Z,0,20.22,50,OK,0.1
2026-02-07T11:41:29.057Z,0,20.32,50,OK,0.1
2026-02-07T11:41:29.107Z,0,20.27,50,OK,0.1
2026-02-07T11:41:29.157Z,0,20.22,50,OK,0.1
2026-02-07T11:41:29.208Z,0,20.23,50,OK,0.1
2026-02-07T11:41:29.258Z,0,20.20,50,OK,0.1
2026-02-07T11:41:29.308Z,0,20.26,50,OK,0.1
2026-02-07T11:41:29.358Z,0,20.24,50,OK,0.1
2026-02-07T11:41:29.408Z,0,20.29,50,OK,0.1
2026-02-07T11:41:29.458Z,0,20.26,50,OK,0.1
2026-02-07T11:41:29.508Z,0,20.30,50,OK,0.1
2026-02-07T11:41:29.558Z,0,20.24,50,OK,0.1
2026-02-07T11:41:29.609Z,0,20.27,50,OK,0.1
2026-02-07T11:41:29.659Z,0,20.21,50,OK,0.1
2026-02-07T11:41:29.710Z,0,20.23,50,OK,0.1
2026-02-07T11:41:29.761Z,0,20.21,50,OK,0.1
2026-02-07T11:41:29.811Z,0,20.25,50,OK,0.1
2026-02-07T11:41:29.862Z,0,20.26,50,OK,0.1
2026-02-07T11:41:29.912Z,0,20.31,50,OK,0.1
2026-02-07T11:41:29.963Z,0,20.33,50,OK,0.1
2026-02-07T11:41:30.013Z,0,20.41,50,OK,0.1
2026-02-07T11:41:30.064Z,0,20.32,50,OK,0.1
2026-02-07T11:41:30.114Z,0,20.30,50,OK,0.1
2026-02-07T11:41:30.164Z,0,20.24,50,OK,0.1
2026-02-07T11:41:30.214Z,0,20.32,50,OK,0.1
2026-02-07T11:41:30.265Z,0,20.34,50,OK,0.1
2026-02-07T11:41:30.315Z,0,20.31,50,OK,0.1
2026-02-07T11:41:30.366Z,0,20.32,50,OK,0.1
2026-02-07T11:41:30.417Z,0,20.31,50,OK,0.1
2026-02-07T11:41:30.468Z,0,20.29,50,OK,0.1
2026-02-07T11:41:30.518Z,0,20.25,50,OK,0.1
2026-02-07T11:41:30.569Z,0,20.24,50,OK,0.1
2026-02-07T11:41:30.619Z,0,20.30,50,OK,0.1
2026-02-07T11:41:30.669Z,0,20.29,50,OK,0.1
2026-02-07T11:41:30.719Z,0,20.30,50,OK,0.1
2026-02-07T11:41:30.769Z,0,20.39,50,OK,0.1
2026-02-07T11:41:30.819Z,0,20.38,50,OK,0.1
2026-02-07T11:41:30.870Z,0,20.40,50,OK,0.1
2026-02-07T11:41:30.920Z,0,20.28,50,OK,0.1
2026-02-07T11:41:30.970Z,0,20.29,50,OK,0.1
2026-02-07T11:41:31.021Z,0,20.23,50,OK,0.1
2026-02-07T11:41:31.071Z,0,20.15,50,OK,0.1
2026-02-07T11:41:31.121Z,0,20.19,50,OK,0.1
2026-02-07T11:41:31.171Z,0,20.32,50,OK,0.1
2026-02-07T11:41:31.221Z,0,20.40,50,OK,0.1
2026-02-07T11:41:31.271Z,0,20.34,50,OK,0.1
2026-02-07T11:41:31.321Z,0,20.25,50,OK,0.1
2026-02-07T11:41:31.371Z,0,20.26,50,OK,0.1
2026-02-07T11:41:31.421Z,0,20.25,50,OK,0.1
2026-02-07T11:41:31.471Z,0,20.23,50,OK,0.1
2026-02-07T11:41:31.521Z,0,20.23,50,OK,0.1
2026-02-07T11:41:31.571Z,0,20.24,50,OK,0.1
2026-02-07T11:41:31.621Z,0,20.19,50,OK,0.1
2026-02-07T11:41:31.671Z,0,20.23,50,OK,0.1
2026-02-07T11:41:31.723Z,0,20.32,50,OK,0.1
2026-02-07T11:41:31.773Z,0,20.34,50,OK,0.1
2026-02-07T11:41:31.824Z,0,20.43,50,OK,0.1
2026-02-07T11:41:31.874Z,0,20.32,50,OK,0.1
2026-02-07T11:41:31.924Z,0,20.37,50,OK,0.1
2026-02-07T11:41:31.974Z,0,20.25,50,OK,0.1
2026-02-07T11:41:32.024Z,0,20.28,50,OK,0.1
2026-02-07T11:41:32.074Z,0,20.27,50,OK,0.1
2026-02-07T11:41:32.124Z,0,20.25,50,OK,0.1
2026-02-07T11:41:32.174Z,0,20.23,50,OK,0.1
2026-02-07T11:41:32.224Z,0,20.19,50,OK,0.1
2026-02-07T11:41:32.274Z,0,20.17,50,OK,0.1
2026-02-07T11:41:32.324Z,0,20.14,50,OK,0.1
2026-02-07T11:41:32.374Z,0,20.15,50,OK,0.1
2026-02-07T11:41:32.425Z,0,20.14,50,OK,0.1
2026-02-07T11:41:32.475Z,0,20.18,50,OK,0.1
2026-02-07T11:41:32.525Z,0,20.20,50,OK,0.1
2026-02-07T11:41:32.575Z,0,20.26,50,OK,0.1
2026-02-07T11:41:32.625Z,0,20.23,50,OK,0.1
2026-02-07T11:41:32.675Z,0,20.19,50,OK,0.1
2026-02-07T11:41:32.725Z,0,20.17,50,OK,0.1
2026-02-07T11:41:32.775Z,0,20.31,50,OK,0.1
2026-02-07T11:41:32.825Z,0,20.40,50,OK,0.1
2026-02-07T11:41:32.876Z,0,20.44,50,OK,0.1
2026-02-07T11:41:32.927Z,0,20.34,50,OK,0.1
2026-02-07T11:41:32.978Z,0,20.29,50,OK,0.1
2026-02-07T11:41:33.028Z,0,20.24,50,OK,0.1
2026-02-07T11:41:33.078Z,0,20.30,50,OK,0.1
2026-02-07T11:41:33.128Z,0,20.44,50,OK,0.1
2026-02-07T11:41:33.179Z,0,20.44,50,OK,0.1
2026-02-07T11:41:33.229Z,0,20.36,50,OK,0.1
2026-02-07T11:41:33.279Z,0,20.31,50,OK,0.1
2026-02-07T11:41:33.329Z,0,20.31,50,OK,0.1
2026-02-07T11:41:33.379Z,0,20.33,50,OK,0.1
2026-02-07T11:41:33.430Z,0,20.27,50,OK,0.1
2026-02-07T11:41:33.481Z,0,20.30,50,OK,0.1
2026-02-07T11:41:33.532Z,0,20.30,50,OK,0.1
2026-02-07T11:41:33.583Z,0,20.29,50,OK,0.1
2026-02-07T11:41:33.633Z,0,20.28,50,OK,0.1
2026-02-07T11:41:33.683Z,0,20.17,50,OK,0.1
2026-02-07T11:41:33.734Z,0,20.18,50,OK,0.1
2026-02-07T11:41:33.785Z,0,20.17,50,OK,0.1
2026-02-07T11:41:33.835Z,0,20.29,50,OK,0.1
2026-02-07T11:41:33.886Z,0,20.37,50,OK,0.1
2026-02-07T11:41:33.936Z,0,20.45,50,OK,0.1
2026-02-07T11:41:33.986Z,0,20.43,50,OK,0.1
2026-02-07T11:41:34.036Z,0,20.34,50,OK,0.1
2026-02-07T11:41:34.086Z,0,20.28,50,OK,0.1
2026-02-07T11:41:34.136Z,0,20.26,50,OK,0.1
2026-02-07T11:41:34.186Z,0,20.25,50,OK,0.1
2026-02-07T11:41:34.236Z,0,20.24,50,OK,0.1
2026-02-07T11:41:34.286Z,0,20.28,50,OK,0.1
2026-02-07T11:41:34.337Z,0,20.30,50,OK,0.1
2026-02-07T11:41:34.387Z,0,20.31,50,OK,0.1
2026-02-07T11:41:34.437Z,0,20.35,50,OK,0.1
2026-02-07T11:41:34.487Z,0,20.39,50,OK,0.1
2026-02-07T11:41:34.537Z,0,20.36,50,OK,0.1
2026-02-07T11:41:34.587Z,0,20.32,50,OK,0.1
2026-02-07T11:41:34.637Z,0,20.25,50,OK,0.1
2026-02-07T11:41:34.687Z,0,20.28,50,OK,0.1
2026-02-07T11:41:34.737Z,0,20.37,50,OK,0.1
2026-02-07T11:41:34.787Z,0,20.39,50,OK,0.1
2026-02-07T11:41:34.837Z,0,20.41,50,OK,0.1
2026-02-07T11:41:34.888Z,0,20.28,50,OK,0.1
2026-02-07T11:41:34.938Z,0,20.28,50,OK,0.1
2026-02-07T11:41:34.988Z,0,20.25,50,OK,0.1
2026-02-07T11:41:35.038Z,0,20.30,50,OK,0.1
2026-02-07T11:41:35.088Z,0,20.29,50,OK,0.1
2026-02-07T11:41:35.137Z,0,20.28,50,OK,0.1
2026-02-07T11:41:35.188Z,0,20.25,50,OK,0.1
2026-02-07T11:41:35.238Z,0,20.27,50,OK,0.1
2026-02-07T11:41:35.289Z,0,20.26,50,OK,0.1
2026-02-07T11:41:35.339Z,0,20.28,50,OK,0.1
2026-02-07T11:41:35.390Z,0,20.22,50,OK,0.1
2026-02-07T11:41:35.440Z,0,20.34,50,OK,0.1
2026-02-07T11:41:35.491Z,0,20.31,50,OK,0.1
2026-02-07T11:41:35.541Z,0,20.19,50,OK,0.1
2026-02-07T11:41:35.591Z,0,20.08,50,OK,0.1
2026-02-07T11:41:35.641Z,0,19.97,50,OK,0.1
2026-02-07T11:41:35.691Z,0,20.12,50,OK,0.1
2026-02-07T11:41:35.741Z,0,19.99,50,OK,0.1
2026-02-07T11:41:35.792Z,0,20.13,50,OK,0.1
2026-02-07T11:41:35.842Z,0,19.97,50,OK,0.1
2026-02-07T11:41:35.892Z,0,20.11,50,OK,0.1
2026-02-07T11:41:35.942Z,0,20.17,50,OK,0.1
2026-02-07T11:41:35.992Z,0,20.31,50,OK,0.1
2026-02-07T11:41:36.042Z,0,20.28,50,OK,0.1
2026-02-07T11:41:36.092Z,0,20.20,50,OK,0.1
2026-02-07T11:41:36.142Z,0,20.24,50,OK,0.1
2026-02-07T11:41:36.192Z,0,20.26,50,OK,0.1
2026-02-07T11:41:36.242Z,0,20.25,50,OK,0.1
2026-02-07T11:41:36.293Z,0,20.22,50,OK,0.1
2026-02-07T11:41:36.344Z,0,20.24,50,OK,0.1
2026-02-07T11:41:36.395Z,0,20.27,50,OK,0.1
2026-02-07T11:41:36.445Z,0,20.28,50,OK,0.1
2026-02-07T11:41:36.495Z,0,20.26,50,OK,0.1
2026-02-07T11:41:36.546Z,0,20.26,50,OK,0.1
2026-02-07T11:41:36.596Z,0,20.26,50,OK,0.1
2026-02-07T11:41:36.646Z,0,20.28,50,OK,0.1
2026-02-07T11:41:36.696Z,0,20.28,50,OK,0.1
2026-02-07T11:41:36.746Z,0,20.25,50,OK,0.1
2026-02-07T11:41:36.798Z,0,20.28,50,OK,0.1
2026-02-07T11:41:36.847Z,0,20.16,50,OK,0.1
2026-02-07T11:41:36.898Z,0,20.17,50,OK,0.1
2026-02-07T11:41:36.948Z,0,20.17,50,OK,0.1
2026-02-07T11:41:36.998Z,0,20.25,50,OK,0.1
2026-02-07T11:41:37.048Z,0,20.23,50,OK,0.1
2026-02-07T11:41:37.098Z,0,20.19,50,OK,0.1
2026-02-07T11:41:37.147Z,0,20.23,50,OK,0.1
2026-02-07T11:41:37.198Z,0,20.26,50,OK,0.1
2026-02-07T11:41:37.248Z,0,20.27,50,OK,0.1
2026-02-07T11:41:37.298Z,0,20.23,50,OK,0.1
2026-02-07T11:41:37.348Z,0,20.22,50,OK,0.1
2026-02-07T11:41:37.398Z,0,20.21,50,OK,0.1
2026-02-07T11:41:37.448Z,0,20.28,50,OK,0.1
2026-02-07T11:41:37.499Z,0,20.32,50,OK,0.1
2026-02-07T11:41:37.549Z,0,20.37,50,OK,0.1
2026-02-07T11:41:37.600Z,0,20.33,50,OK,0.1
2026-02-07T11:41:37.650Z,0,20.33,50,OK,0.1
2026-02-07T11:41:37.700Z,0,20.29,50,OK,0.1
2026-02-07T11:41:37.749Z,0,20.31,50,OK,0.1
2026-02-07T11:41:37.800Z,0,20.28,50,OK,0.1
2026-02-07T11:41:37.850Z,0,20.26,50,OK,0.1
2026-02-07T11:41:37.900Z,0,20.27,50,OK,0.1
2026-02-07T11:41:37.950Z,0,20.28,50,OK,0.1
2026-02-07T11:41:38.000Z,0,20.26,50,OK,0.1
2026-02-07T11:41:38.050Z,0,20.20,50,OK,0.1
2026-02-07T11:41:38.101Z,0,20.28,50,OK,0.1
2026-02-07T11:41:38.152Z,0,20.32,50,OK,0.1
2026-02-07T11:41:38.202Z,0,20.34,50,OK,0.1
2026-02-07T11:41:38.252Z,0,20.31,50,OK,0.1
2026-02-07T11:41:38.302Z,0,20.34,50,OK,0.1
2026-02-07T11:41:38.353Z,0,20.41,50,OK,0.1
2026-02-07T11:41:38.405Z,0,20.34,50,OK,0.1
2026-02-07T11:41:38.455Z,0,20.33,50,OK,0.1
2026-02-07T11:41:38.505Z,0,20.30,50,OK,0.1
2026-02-07T11:41:38.556Z,0,20.27,50,OK,0.1
2026-02-07T11:41:38.606Z,0,20.25,50,OK,0.1
2026-02-07T11:41:38.656Z,0,20.27,50,OK,0.1
2026-02-07T11:41:38.706Z,0,20.39,50,OK,0.1
2026-02-07T11:41:38.756Z,0,20.38,50,OK,0.1
2026-02-07T11:41:38.806Z,0,20.34,50,OK,0.1
2026-02-07T11:41:38.857Z,0,20.26,50,OK,0.1
2026-02-07T11:41:38.907Z,0,20.29,50,OK,0.1
2026-02-07T11:41:38.957Z,0,20.28,50,OK,0.1
2026-02-07T11:41:39.008Z,0,20.27,50,OK,0.1
2026-02-07T11:41:39.058Z,0,20.25,50,OK,0.1
2026-02-07T11:41:39.108Z,0,20.23,50,OK,0.1
2026-02-07T11:41:39.158Z,0,20.20,50,OK,0.1
2026-02-07T11:41:39.222Z,0,24.49,50,OK,0.1
2026-02-07T11:41:39.272Z,0,24.44,50,OK,0.1
2026-02-07T11:41:39.322Z,0,24.46,50,OK,0.1
2026-02-07T11:41:39.374Z,0,20.28,50,OK,0.1
2026-02-07T11:41:39.424Z,0,20.34,50,OK,0.1
2026-02-07T11:41:39.474Z,0,20.17,50,OK,0.1
2026-02-07T11:41:39.524Z,0,20.09,50,OK,0.1
2026-02-07T11:41:39.574Z,0,20.19,50,OK,0.1
2026-02-07T11:41:39.624Z,0,20.37,50,OK,0.1
2026-02-07T11:41:39.676Z,0,20.39,50,OK,0.1
2026-02-07T11:41:39.726Z,0,20.34,50,OK,0.1
2026-02-07T11:41:39.777Z,0,20.38,50,OK,0.1
2026-02-07T11:41:39.827Z,0,20.33,50,OK,0.1
2026-02-07T11:41:39.877Z,0,20.31,50,OK,0.1
2026-02-07T11:41:39.927Z,0,20.31,50,OK,0.1
2026-02-07T11:41:39.977Z,0,20.34,50,OK,0.1
2026-02-07T11:41:40.028Z,0,20.43,50,OK,0.1
2026-02-07T11:41:40.078Z,0,20.46,50,OK,0.1
2026-02-07T11:41:40.129Z,0,20.40,50,OK,0.1
2026-02-07T11:41:40.180Z,0,20.43,50,OK,0.1
2026-02-07T11:41:40.230Z,0,20.35,50,OK,0.1
2026-02-07T11:41:40.281Z,0,20.39,50,OK,0.1
2026-02-07T11:41:40.332Z,0,20.31,50,OK,0.1
2026-02-07T11:41:40.382Z,0,20.37,50,OK,0.1
2026-02-07T11:41:40.433Z,0,20.38,50,OK,0.1
2026-02-07T11:41:40.483Z,0,20.41,50,OK,0.1
2026-02-07T11:41:40.533Z,0,20.36,50,OK,0.1
2026-02-07T11:41:40.584Z,0,20.40,50,OK,0.1
2026-02-07T11:41:40.634Z,0,20.35,50,OK,0.1
2026-02-07T11:41:40.685Z,0,20.42,50,OK,0.1
2026-02-07T11:41:40.736Z,0,20.37,50,OK,0.1
2026-02-07T11:41:40.786Z,0,20.39,50,OK,0.1
2026-02-07T11:41:40.836Z,0,20.29,50,OK,0.1
2026-02-07T11:41:40.886Z,0,20.30,50,OK,0.1
2026-02-07T11:41:40.937Z,0,20.28,50,OK,0.1
2026-02-07T11:41:40.987Z,0,20.40,50,OK,0.1
2026-02-07T11:41:41.037Z,0,20.37,50,OK,0.1
2026-02-07T11:41:41.087Z,0,20.43,50,OK,0.1
2026-02-07T11:41:41.138Z,0,20.32,50,OK,0.1
2026-02-07T11:41:41.188Z,0,20.38,50,OK,0.1
2026-02-07T11:41:41.238Z,0,20.33,50,OK,0.1
2026-02-07T11:41:41.403Z,0,39.82,48,OK,0.1
2026-02-07T11:41:41.453Z,1,39.72,46,OK,0.1
2026-02-07T11:41:41.503Z,1,39.67,44,OK,0.1
2026-02-07T11:41:41.554Z,1,20.23,45,OK,0.1
2026-02-07T11:41:41.604Z,1,20.26,46,OK,0.1
2026-02-07T11:41:41.655Z,1,20.25,47,OK,0.1
2026-02-07T11:41:41.705Z,1,20.21,48,OK,0.1
2026-02-07T11:41:41.755Z,1,20.35,49,OK,0.1
2026-02-07T11:41:41.805Z,1,20.39,50,OK,0.1
2026-02-07T11:41:41.855Z,1,20.37,50,OK,0.1
2026-02-07T11:41:41.906Z,1,20.24,50,OK,0.1
2026-02-07T11:41:41.957Z,1,20.25,50,OK,0.1
2026-02-07T11:41:42.007Z,1,20.24,50,OK,0.1
2026-02-07T11:41:42.058Z,1,20.20,50,OK,0.1
2026-02-07T11:41:42.109Z,1,20.21,50,OK,0.1
2026-02-07T11:41:42.159Z,1,20.24,50,OK,0.1
2026-02-07T11:41:42.209Z,1,20.30,50,OK,0.1
2026-02-07T11:41:42.259Z,1,20.17,50,OK,0.1
2026-02-07T11:41:42.309Z,1,20.18,50,OK,0.1
2026-02-07T11:41:42.359Z,1,20.19,50,OK,0.1
2026-02-07T11:41:42.409Z,2,20.29,50,OK,0.1
2026-02-07T11:41:42.459Z,2,20.30,50,OK,0.1
2026-02-07T11:41:42.509Z,2,20.02,50,OK,0.1
2026-02-07T11:41:42.560Z,2,20.08,50,OK,0.1
2026-02-07T11:41:42.611Z,2,20.08,50,OK,0.1
2026-02-07T11:41:42.661Z,2,20.37,50,OK,0.1
2026-02-07T11:41:42.711Z,2,20.32,50,OK,0.1
2026-02-07T11:41:42.761Z,2,20.28,50,OK,0.1
2026-02-07T11:41:42.811Z,2,20.16,50,OK,0.1
2026-02-07T11:41:42.861Z,2,20.15,50,OK,0.1
2026-02-07T11:41:42.911Z,2,20.15,50,OK,0.1
2026-02-07T11:41:42.961Z,2,20.21,50,OK,0.1
2026-02-07T11:41:43.011Z,2,20.32,50,OK,0.1
2026-02-07T11:41:43.062Z,2,20.35,50,OK,0.1
2026-02-07T11:41:43.112Z,2,20.35,50,OK,0.1
2026-02-07T11:41:43.162Z,2,20.28,50,OK,0.1
2026-02-07T11:41:43.214Z,2,20.28,50,OK,0.1
2026-02-07T11:41:43.264Z,2,20.85,50,OK,0.1
2026-02-07T11:41:43.314Z,2,20.85,50,OK,0.1
2026-02-07T11:41:43.365Z,2,20.86,50,OK,0.1
2026-02-07T11:41:43.415Z,1,20.40,50,OK,0.1
2026-02-07T11:41:43.466Z,1,20.38,50,OK,0.1
2026-02-07T11:41:43.516Z,1,20.34,50,OK,0.1
2026-02-07T11:41:43.567Z,1,20.21,50,OK,0.1
2026-02-07T11:41:43.617Z,1,20.22,50,OK,0.1
2026-02-07T11:41:43.667Z,1,20.24,50,OK,0.1
2026-02-07T11:41:43.717Z,1,20.32,50,OK,0.1
2026-02-07T11:41:43.767Z,1,20.29,50,OK,0.1
2026-02-07T11:41:43.817Z,1,20.18,50,OK,0.1
2026-02-07T11:41:43.867Z,1,20.08,50,OK,0.1
2026-02-07T11:41:43.918Z,1,20.15,50,OK,0.1
2026-02-07T11:41:43.968Z,1,20.28,50,OK,0.1
2026-02-07T11:41:44.018Z,1,20.40,50,OK,0.1
2026-02-07T11:41:44.069Z,1,20.33,50,OK,0.1
2026-02-07T11:41:44.119Z,1,20.33,50,OK,0.1
2026-02-07T11:41:44.170Z,1,20.22,50,OK,0.1
2026-02-07T11:41:44.220Z,1,20.23,50,OK,0.1
2026-02-07T11:41:44.387Z,1,40.65,48,OK,0.1
2026-02-07T11:41:44.437Z,1,40.84,46,OK,0.1
2026-02-07T11:41:44.489Z,1,40.70,44,OK,0.1
2026-02-07T11:41:44.539Z,1,20.30,45,OK,0.1
2026-02-07T11:41:44.590Z,1,20.13,46,OK,0.1
2026-02-07T11:41:44.640Z,1,20.22,47,OK,0.1
2026-02-07T11:41:44.690Z,1,20.11,48,OK,0.1
2026-02-07T11:41:44.740Z,1,19.99,49,OK,0.1
2026-02-07T11:41:44.790Z,1,19.93,50,OK,0.1
2026-02-07T11:41:44.840Z,1,20.01,50,OK,0.1
2026-02-07T11:41:44.891Z,1,20.18,50,OK,0.1
2026-02-07T11:41:44.942Z,1,20.30,50,OK,0.1
2026-02-07T11:41:44.992Z,1,20.30,50,OK,0.1
2026-02-07T11:41:45.042Z,1,20.31,50,OK,0.1
2026-02-07T11:41:45.092Z,1,20.26,50,OK,0.1
2026-02-07T11:41:45.143Z,1,20.26,50,OK,0.1
2026-02-07T11:41:45.193Z,1,20.19,50,OK,0.1
2026-02-07T11:41:45.243Z,1,20.26,50,OK,0.1
2026-02-07T11:41:45.293Z,1,20.31,50,OK,0.1
2026-02-07T11:41:45.343Z,1,20.34,50,OK,0.1
2026-02-07T11:41:45.393Z,1,20.29,50,OK,0.1
2026-02-07T11:41:45.443Z,1,20.18,50,OK,0.1
2026-02-07T11:41:45.493Z,1,20.24,50,OK,0.1
2026-02-07T11:41:45.543Z,1,20.28,50,OK,0.1
2026-02-07T11:41:45.593Z,1,20.38,50,OK,0.1
2026-02-07T11:41:45.643Z,2,20.15,50,OK,0.1
2026-02-07T11:41:45.693Z,2,20.07,50,OK,0.1
2026-02-07T11:41:45.804Z,2,46.65,47,OK,0.1
2026-02-07T11:41:45.854Z,2,46.59,44,OK,0.1
2026-02-07T11:41:45.904Z,2,46.66,41,OK,0.1
2026-02-07T11:41:45.955Z,2,20.12,42,OK,0.1
2026-02-07T11:41:46.005Z,2,20.35,43,OK,0.1
2026-02-07T11:41:46.056Z,2,20.35,44,OK,0.1
2026-02-07T11:41:46.107Z,2,20.27,45,OK,0.1
2026-02-07T11:41:46.157Z,2,20.25,46,OK,0.1
2026-02-07T11:41:46.208Z,2,20.31,47,OK,0.1
2026-02-07T11:41:46.258Z,2,20.33,48,OK,0.1
2026-02-07T11:41:46.307Z,2,20.34,49,OK,0.1
2026-02-07T11:41:46.358Z,2,20.27,50,OK,0.1
2026-02-07T11:41:46.410Z,2,20.25,50,OK,0.1
2026-02-07T11:41:46.460Z,1,20.35,50,OK,0.1
2026-02-07T11:41:46.510Z,1,20.36,50,OK,0.1
2026-02-07T11:41:46.560Z,2,20.29,50,OK,0.1
2026-02-07T11:41:46.610Z,2,20.18,50,OK,0.1
2026-02-07T11:41:46.660Z,2,20.16,50,OK,0.1
2026-02-07T11:41:46.711Z,2,20.22,50,OK,0.1
2026-02-07T11:41:46.761Z,2,20.27,50,OK,0.1
2026-02-07T11:41:46.811Z,2,20.26,50,OK,0.1
2026-02-07T11:41:46.861Z,2,20.29,50,OK,0.1
2026-02-07T11:41:46.911Z,2,20.28,50,OK,0.1
2026-02-07T11:41:47.079Z,2,40.80,48,OK,0.1
2026-02-07T11:41:47.129Z,2,40.78,46,OK,0.1
2026-02-07T11:41:47.180Z,2,40.77,44,OK,0.1
2026-02-07T11:41:47.231Z,2,20.21,45,OK,0.1
2026-02-07T11:41:47.281Z,2,20.20,46,OK,0.1
2026-02-07T11:41:47.332Z,2,20.21,47,OK,0.1
2026-02-07T11:41:47.382Z,2,20.34,48,OK,0.1
2026-02-07T11:41:47.432Z,3,19.96,49,OK,0.1
2026-02-07T11:41:47.482Z,3,19.90,50,OK,0.1
2026-02-07T11:41:47.532Z,3,19.87,50,OK,0.1
2026-02-07T11:41:47.582Z,3,20.20,50,OK,0.1
2026-02-07T11:41:47.633Z,2,20.34,50,OK,0.1
2026-02-07T11:41:47.683Z,2,20.28,50,OK,0.1
2026-02-07T11:41:47.733Z,2,20.27,50,OK,0.1
2026-02-07T11:41:47.783Z,2,20.30,50,OK,0.1
2026-02-07T11:41:47.833Z,2,20.28,50,OK,0.1
2026-02-07T11:41:47.883Z,2,20.33,50,OK,0.1
2026-02-07T11:41:47.933Z,2,20.22,50,OK,0.1
2026-02-07T11:41:47.983Z,2,20.23,50,OK,0.1
2026-02-07T11:41:48.034Z,2,20.31,50,OK,0.1
2026-02-07T11:41:48.084Z,3,20.41,50,OK,0.1
2026-02-07T11:41:48.134Z,3,20.43,50,OK,0.1
2026-02-07T11:41:48.185Z,3,20.34,50,OK,0.1
2026-02-07T11:41:48.235Z,3,20.23,50,OK,0.1
2026-02-07T11:41:48.286Z,3,19.92,50,OK,0.1
2026-02-07T11:41:48.336Z,3,20.08,50,OK,0.1
2026-02-07T11:41:48.386Z,3,20.08,50,OK,0.1
2026-02-07T11:41:48.435Z,3,20.47,50,OK,0.1
2026-02-07T11:41:48.486Z,3,20.32,50,OK,0.1
2026-02-07T11:41:48.536Z,2,20.37,50,OK,0.1
2026-02-07T11:41:48.587Z,2,20.34,50,OK,0.1
2026-02-07T11:41:48.637Z,3,20.33,50,OK,0.1
2026-02-07T11:41:48.687Z,3,20.28,50,OK,0.1
2026-02-07T11:41:48.738Z,3,20.23,50,OK,0.1
2026-02-07T11:41:48.789Z,3,20.25,50,OK,0.1
2026-02-07T11:41:48.839Z,3,20.23,50,OK,0.1
2026-02-07T11:41:48.889Z,3,20.21,50,OK,0.1
2026-02-07T11:41:48.939Z,3,20.25,50,OK,0.1
2026-02-07T11:41:48.989Z,3,20.26,50,OK,0.1
2026-02-07T11:41:49.039Z,3,20.34,50,OK,0.1
2026-02-07T11:41:49.089Z,3,20.22,50,OK,0.1
2026-02-07T11:41:49.139Z,3,20.22,50,OK,0.1
2026-02-07T11:41:49.189Z,3,20.11,50,OK,0.1
2026-02-07T11:41:49.239Z,3,20.22,50,OK,0.1
2026-02-07T11:41:49.288Z,3,20.28,50,OK,0.1
2026-02-07T11:41:49.339Z,3,20.31,50,OK,0.1
2026-02-07T11:41:49.389Z,3,20.29,50,OK,0.1
2026-02-07T11:41:49.439Z,3,20.06,50,OK,0.1
2026-02-07T11:41:49.489Z,3,20.08,50,OK,0.1
2026-02-07T11:41:49.540Z,3,20.11,50,OK,0.1
2026-02-07T11:41:49.591Z,3,20.27,50,OK,0.1
2026-02-07T11:41:49.642Z,3,20.24,50,OK,0.1
2026-02-07T11:41:49.692Z,3,20.21,50,OK,0.1
2026-02-07T11:41:49.742Z,3,20.23,50,OK,0.1
2026-02-07T11:41:49.793Z,3,20.28,50,OK,0.1
2026-02-07T11:41:49.843Z,3,20.28,50,OK,0.1
2026-02-07T11:41:49.981Z,3,42.86,48,OK,0.1
2026-02-07T11:41:50.031Z,3,42.89,46,OK,0.1
2026-02-07T11:41:50.081Z,2,42.77,44,OK,0.1
2026-02-07T11:41:50.131Z,2,20.19,45,OK,0.1
2026-02-07T11:41:50.181Z,2,20.21,46,OK,0.1
2026-02-07T11:41:50.232Z,2,20.32,47,OK,0.1
2026-02-07T11:41:50.282Z,2,20.33,48,OK,0.1
2026-02-07T11:41:50.333Z,2,20.27,49,OK,0.1
2026-02-07T11:41:50.384Z,2,20.32,50,OK,0.1
2026-02-07T11:41:50.434Z,3,20.33,50,OK,0.1
2026-02-07T11:41:50.485Z,3,20.33,50,OK,0.1
2026-02-07T11:41:50.535Z,3,20.28,50,OK,0.1
2026-02-07T11:41:50.586Z,3,20.32,50,OK,0.1
2026-02-07T11:41:50.635Z,2,20.31,50,OK,0.1
2026-02-07T11:41:50.788Z,2,60.71,46,OK,0.1
2026-02-07T11:41:50.835Z,2,60.63,42,OK,0.1
2026-02-07T11:41:50.886Z,2,60.64,38,OK,0.1
2026-02-07T11:41:50.936Z,2,20.04,39,OK,0.1
2026-02-07T11:41:50.985Z,2,20.06,40,OK,0.1
2026-02-07T11:41:51.035Z,2,19.91,41,OK,0.1
2026-02-07T11:41:51.086Z,2,20.00,42,OK,0.1
2026-02-07T11:41:51.137Z,2,19.96,43,OK,0.1
2026-02-07T11:41:51.294Z,2,20.12,44,OK,0.1
2026-02-07T11:41:51.345Z,2,20.15,45,OK,0.1
2026-02-07T11:41:51.396Z,2,20.25,46,OK,0.1
2026-02-07T11:41:51.501Z,2,31.82,45,OK,0.1
2026-02-07T11:41:51.552Z,2,31.92,44,OK,0.1
2026-02-07T11:41:51.601Z,2,31.87,43,OK,0.1
2026-02-07T11:41:51.651Z,2,20.47,44,OK,0.1
2026-02-07T11:41:51.702Z,2,20.43,45,OK,0.1
2026-02-07T11:41:51.753Z,2,20.53,46,OK,0.1
2026-02-07T11:41:51.803Z,2,20.37,47,OK,0.1
2026-02-07T11:41:51.852Z,2,20.29,48,OK,0.1
2026-02-07T11:41:51.903Z,2,20.20,49,OK,0.1
2026-02-07T11:41:51.952Z,2,20.15,50,OK,0.1
2026-02-07T11:41:52.002Z,2,20.06,50,OK,0.1
2026-02-07T11:41:52.053Z,2,20.06,50,OK,0.1
2026-02-07T11:41:52.103Z,2,20.08,50,OK,0.1
2026-02-07T11:41:52.153Z,2,20.25,50,OK,0.1
2026-02-07T11:41:52.204Z,2,20.26,50,OK,0.1
2026-02-07T11:41:52.254Z,2,20.28,50,OK,0.1
2026-02-07T11:41:52.304Z,2,20.32,50,OK,0.1
2026-02-07T11:41:52.354Z,2,20.29,50,OK,0.1
2026-02-07T11:41:52.404Z,2,20.28,50,OK,0.1
2026-02-07T11:41:52.455Z,1,20.18,50,OK,0.1
2026-02-07T11:41:52.504Z,2,20.18,50,OK,0.1
2026-02-07T11:41:52.555Z,1,20.20,50,OK,0.1
2026-02-07T11:41:52.606Z,1,20.22,50,OK,0.1
2026-02-07T11:41:52.656Z,1,20.26,50,OK,0.1
2026-02-07T11:41:52.706Z,1,20.25,50,OK,0.1
2026-02-07T11:41:52.757Z,1,20.29,50,OK,0.1
2026-02-07T11:41:52.806Z,1,20.23,50,OK,0.1
2026-02-07T11:41:52.856Z,1,20.23,50,OK,0.1
2026-02-07T11:41:52.906Z,1,20.27,50,OK,0.1
2026-02-07T11:41:52.956Z,1,20.27,50,OK,0.1
2026-02-07T11:41:53.006Z,1,20.30,50,OK,0.1
2026-02-07T11:41:53.057Z,1,20.27,50,OK,0.1
2026-02-07T11:41:53.107Z,1,20.25,50,OK,0.1
2026-02-07T11:41:53.157Z,1,20.20,50,OK,0.1
2026-02-07T11:41:53.207Z,1,20.29,50,OK,0.1
2026-02-07T11:41:53.258Z,1,20.30,50,OK,0.1
2026-02-07T11:41:53.307Z,1,20.16,50,OK,0.1
2026-02-07T11:41:53.358Z,1,20.07,50,OK,0.1
2026-02-07T11:41:53.408Z,1,20.11,50,OK,0.1
2026-02-07T11:41:53.459Z,1,20.26,50,OK,0.1
2026-02-07T11:41:53.508Z,0,20.25,50,OK,0.1
2026-02-07T11:41:53.558Z,0,20.05,50,OK,0.1
2026-02-07T11:41:53.608Z,0,20.02,50,OK,0.1
2026-02-07T11:41:53.658Z,0,20.15,50,OK,0.1
2026-02-07T11:41:53.709Z,0,20.32,50,OK,0.1
2026-02-07T11:41:53.759Z,0,20.35,50,OK,0.1
2026-02-07T11:41:53.809Z,0,20.14,50,OK,0.1
2026-02-07T11:41:53.860Z,0,20.30,50,OK,0.1
2026-02-07T11:41:53.910Z,0,20.30,50,OK,0.1
2026-02-07T11:41:53.960Z,0,20.43,50,OK,0.1
2026-02-07T11:41:54.010Z,1,20.19,50,OK,0.1
2026-02-07T11:41:54.060Z,1,20.15,50,OK,0.1
2026-02-07T11:41:54.110Z,1,20.04,50,OK,0.1
2026-02-07T11:41:54.160Z,1,20.19,50,OK,0.1
2026-02-07T11:41:54.211Z,1,20.26,50,OK,0.1
2026-02-07T11:41:54.261Z,1,20.39,50,OK,0.1
2026-02-07T11:41:54.311Z,1,20.31,50,OK,0.1
2026-02-07T11:41:54.362Z,1,20.25,50,OK,0.1
2026-02-07T11:41:54.497Z,1,20.20,50,OK,0.1
2026-02-07T11:41:54.548Z,2,20.09,50,OK,0.1
2026-02-07T11:41:54.598Z,2,20.11,50,OK,0.1
2026-02-07T11:41:54.648Z,2,20.15,50,OK,0.1
2026-02-07T11:41:54.699Z,2,20.40,50,OK,0.1
2026-02-07T11:41:54.749Z,2,20.39,50,OK,0.1
2026-02-07T11:41:54.800Z,2,20.36,50,OK,0.1
2026-02-07T11:41:54.897Z,2,45.74,47,OK,0.1
2026-02-07T11:41:54.947Z,2,45.75,44,OK,0.1
2026-02-07T11:41:54.997Z,2,45.73,41,OK,0.1
2026-02-07T11:41:55.048Z,2,20.23,42,OK,0.1
2026-02-07T11:41:55.097Z,2,20.20,43,OK,0.1
2026-02-07T11:41:55.148Z,2,20.22,44,OK,0.1
2026-02-07T11:41:55.287Z,2,43.13,42,OK,0.1
2026-02-07T11:41:55.337Z,2,43.05,40,OK,0.1
2026-02-07T11:41:55.388Z,2,43.00,38,OK,0.1
2026-02-07T11:41:55.438Z,2,20.20,39,OK,0.1
2026-02-07T11:41:55.489Z,2,20.34,40,OK,0.1
2026-02-07T11:41:55.539Z,2,20.28,41,OK,0.1
2026-02-07T11:41:55.590Z,2,19.97,42,OK,0.1
2026-02-07T11:41:55.640Z,2,20.06,43,OK,0.1
2026-02-07T11:41:55.691Z,2,20.26,44,OK,0.1
2026-02-07T11:41:55.740Z,2,20.46,45,OK,0.1
2026-02-07T11:41:55.790Z,2,20.35,46,OK,0.1
2026-02-07T11:41:55.840Z,2,20.27,47,OK,0.1
2026-02-07T11:41:55.891Z,2,20.25,48,OK,0.1
2026-02-07T11:41:55.941Z,3,20.18,49,OK,0.1
2026-02-07T11:41:55.991Z,3,20.14,50,OK,0.1
2026-02-07T11:41:56.042Z,2,20.09,50,OK,0.1
2026-02-07T11:41:56.092Z,2,20.19,50,OK,0.1
2026-02-07T11:41:56.142Z,2,20.18,50,OK,0.1
2026-02-07T11:41:56.192Z,2,20.28,50,OK,0.1
2026-02-07T11:41:56.242Z,2,20.27,50,OK,0.1
2026-02-07T11:41:56.292Z,3,20.31,50,OK,0.1
2026-02-07T11:41:56.343Z,2,20.21,50,OK,0.1
2026-02-07T11:41:56.394Z,2,20.20,50,OK,0.1
2026-02-07T11:41:56.444Z,2,20.20,50,OK,0.1
2026-02-07T11:41:56.495Z,2,20.27,50,OK,0.1
2026-02-07T11:41:56.545Z,1,20.16,50,OK,0.1
2026-02-07T11:41:56.678Z,1,41.05,48,OK,0.1
2026-02-07T11:41:56.729Z,1,41.09,46,OK,0.1
2026-02-07T11:41:56.780Z,1,41.21,44,OK,0.1
2026-02-07T11:41:56.830Z,1,20.25,45,OK,0.1
2026-02-07T11:41:56.880Z,1,20.20,46,OK,0.1
2026-02-07T11:41:57.006Z,1,34.34,45,OK,0.1
2026-02-07T11:41:57.202Z,3,76.29,39,OK,0.1
2026-02-07T11:41:57.252Z,1,76.27,33,OK,0.1
2026-02-07T11:41:57.405Z,1,62.11,29,OK,0.1
2026-02-07T11:41:57.586Z,2,73.71,24,OK,0.1
2026-02-07T11:41:57.773Z,6,113.00,15,OK,0.1
2026-02-07T11:41:57.823Z,2,113.03,6,OK,0.1
2026-02-07T11:41:57.874Z,2,59.50,2,SATURATED,0.1
2026-02-07T11:41:57.924Z,1,20.27,3,OK,0.1
2026-02-07T11:41:57.975Z,1,20.26,4,OK,0.1
2026-02-07T11:41:58.026Z,1,20.28,5,OK,0.1
2026-02-07T11:41:58.077Z,1,20.26,6,OK,0.1
2026-02-07T11:41:58.128Z,1,20.23,7,OK,0.1
2026-02-07T11:41:58.178Z,1,20.31,8,OK,0.1
2026-02-07T11:41:58.320Z,1,54.59,5,OK,0.1
2026-02-07T11:41:58.375Z,5,49.54,2,SATURATED,0.1
2026-02-07T11:41:58.425Z,1,49.41,1,SATURATED,0.1
2026-02-07T11:41:58.476Z,1,15.10,2,OK,0.1
2026-02-07T11:41:58.526Z,1,20.14,3,OK,0.1
2026-02-07T11:41:58.577Z,1,20.19,4,OK,0.1
2026-02-07T11:41:58.627Z,1,20.18,5,OK,0.1
2026-02-07T11:41:58.678Z,1,20.23,6,OK,0.1
2026-02-07T11:41:58.729Z,1,20.37,7,OK,0.1
2026-02-07T11:41:58.779Z,5,20.38,8,OK,0.1
2026-02-07T11:41:58.830Z,1,20.52,9,OK,0.1
2026-02-07T11:41:58.879Z,1,20.39,10,OK,0.1
2026-02-07T11:41:58.930Z,1,20.47,11,OK,0.1
2026-02-07T11:41:58.980Z,1,20.32,12,OK,0.1
2026-02-07T11:41:59.030Z,1,20.24,13,OK,0.1
2026-02-07T11:41:59.081Z,1,20.14,14,OK,0.1
2026-02-07T11:41:59.131Z,1,20.19,15,OK,0.1
2026-02-07T11:41:59.181Z,1,20.47,16,OK,0.1
2026-02-07T11:41:59.231Z,1,20.39,17,OK,0.1
2026-02-07T11:41:59.281Z,1,20.36,18,OK,0.1
2026-02-07T11:41:59.332Z,1,20.11,19,OK,0.1
2026-02-07T11:41:59.383Z,6,20.22,20,OK,0.1
2026-02-07T11:41:59.433Z,1,20.29,21,OK,0.1
2026-02-07T11:41:59.484Z,1,20.33,22,OK,0.1
2026-02-07T11:41:59.533Z,1,20.40,23,OK,0.1
2026-02-07T11:41:59.583Z,1,20.29,24,OK,0.1
2026-02-07T11:41:59.703Z,1,50.91,21,OK,0.1
2026-02-07T11:41:59.754Z,1,50.85,18,OK,0.1
2026-02-07T11:41:59.805Z,2,50.91,15,OK,0.1
2026-02-07T11:41:59.855Z,2,20.26,16,OK,0.1
2026-02-07T11:41:59.905Z,2,20.20,17,OK,0.1
2026-02-07T11:41:59.955Z,3,20.14,18,OK,0.1
2026-02-07T11:42:00.006Z,3,20.19,19,OK,0.1
2026-02-07T11:42:00.056Z,3,20.32,20,OK,0.1
2026-02-07T11:42:00.106Z,3,20.41,21,OK,0.1
2026-02-07T11:42:00.156Z,3,20.39,22,OK,0.1
2026-02-07T11:42:00.207Z,3,20.26,23,OK,0.1
2026-02-07T11:42:00.258Z,3,20.19,24,OK,0.1
2026-02-07T11:42:00.307Z,3,20.16,25,OK,0.1
2026-02-07T11:42:00.358Z,4,20.21,26,OK,0.1
2026-02-07T11:42:00.408Z,5,20.20,27,OK,0.1
2026-02-07T11:42:00.459Z,5,20.31,28,OK,0.1
2026-02-07T11:42:00.509Z,5,20.30,29,OK,0.1
2026-02-07T11:42:00.560Z,5,20.37,30,OK,0.1
2026-02-07T11:42:00.611Z,5,20.34,31,OK,0.1
2026-02-07T11:42:00.660Z,5,20.30,32,OK,0.1
2026-02-07T11:42:00.710Z,5,20.27,33,OK,0.1
2026-02-07T11:42:00.760Z,5,20.27,34,OK,0.1
2026-02-07T11:42:00.911Z,5,20.75,35,OK,0.1
2026-02-07T11:42:00.961Z,5,20.61,36,OK,0.1
2026-02-07T11:42:01.012Z,5,20.66,37,OK,0.1
2026-02-07T11:42:01.063Z,5,20.18,38,OK,0.1
2026-02-07T11:42:01.114Z,5,20.22,39,OK,0.1
2026-02-07T11:42:01.165Z,5,20.11,40,OK,0.1
2026-02-07T11:42:01.216Z,5,20.11,41,OK,0.1
2026-02-07T11:42:01.265Z,5,20.16,42,OK,0.1
2026-02-07T11:42:01.316Z,5,20.26,43,OK,0.1
2026-02-07T11:42:01.365Z,5,20.31,44,OK,0.1
2026-02-07T11:42:01.506Z,8,56.51,40,OK,0.1
2026-02-07T11:42:01.557Z,5,56.43,36,OK,0.1
2026-02-07T11:42:01.606Z,5,56.43,32,OK,0.1
2026-02-07T11:42:01.656Z,5,20.24,33,OK,0.1
2026-02-07T11:42:01.706Z,5,20.26,34,OK,0.1
2026-02-07T11:42:01.808Z,6,46.90,31,OK,0.1
2026-02-07T11:42:01.859Z,5,46.90,28,OK,0.1
2026-02-07T11:42:01.909Z,6,46.87,25,OK,0.1
2026-02-07T11:42:01.960Z,5,20.19,26,OK,0.1
2026-02-07T11:42:02.011Z,5,20.24,27,OK,0.1
2026-02-07T11:42:02.060Z,5,20.30,28,OK,0.1
2026-02-07T11:42:02.110Z,5,20.35,29,OK,0.1
2026-02-07T11:42:02.161Z,5,20.31,30,OK,0.1
2026-02-07T11:42:02.210Z,5,20.06,31,OK,0.1
2026-02-07T11:42:02.261Z,5,20.06,32,OK,0.1
2026-02-07T11:42:02.311Z,5,20.04,33,OK,0.1
2026-02-07T11:42:02.360Z,4,20.25,34,OK,0.1
2026-02-07T11:42:02.411Z,3,19.95,35,OK,0.1
2026-02-07T11:42:02.461Z,3,19.97,36,OK,0.1
2026-02-07T11:42:02.511Z,5,20.01,37,OK,0.1
2026-02-07T11:42:02.680Z,6,53.19,34,OK,0.1
2026-02-07T11:42:02.730Z,4,53.23,31,OK,0.1
2026-02-07T11:42:02.781Z,4,53.19,28,OK,0.1
2026-02-07T11:42:02.831Z,4,20.45,29,OK,0.1
2026-02-07T11:42:02.882Z,4,20.38,30,OK,0.1
2026-02-07T11:42:02.933Z,5,20.28,31,OK,0.1
2026-02-07T11:42:02.982Z,5,20.11,32,OK,0.1
2026-02-07T11:42:03.032Z,5,20.20,33,OK,0.1
2026-02-07T11:42:03.083Z,5,20.31,34,OK,0.1
2026-02-07T11:42:03.133Z,5,20.27,35,OK,0.1
2026-02-07T11:42:03.306Z,6,20.33,36,OK,0.1
2026-02-07T11:42:03.500Z,6,45.89,33,OK,0.1
2026-02-07T11:42:03.550Z,6,45.93,30,OK,0.1
2026-02-07T11:42:03.601Z,6,45.83,27,OK,0.1
2026-02-07T11:42:03.651Z,6,20.27,28,OK,0.1
2026-02-07T11:42:03.701Z,7,20.27,29,OK,0.1
2026-02-07T11:42:03.752Z,7,20.29,30,OK,0.1
2026-02-07T11:42:03.802Z,7,20.30,31,OK,0.1
2026-02-07T11:42:03.853Z,7,20.30,32,OK,0.1
2026-02-07T11:42:03.904Z,7,20.32,33,OK,0.1
2026-02-07T11:42:03.955Z,6,20.28,34,OK,0.1
2026-02-07T11:42:04.005Z,6,20.31,35,OK,0.1
2026-02-07T11:42:04.056Z,6,20.24,36,OK,0.1
2026-02-07T11:42:04.106Z,6,20.30,37,OK,0.1
2026-02-07T11:42:04.157Z,6,20.32,38,OK,0.1
2026-02-07T11:42:04.207Z,6,20.36,39,OK,0.1
2026-02-07T11:42:04.257Z,6,20.41,40,OK,0.1
2026-02-07T11:42:04.308Z,6,20.40,41,OK,0.1
2026-02-07T11:42:04.358Z,6,20.37,42,OK,0.1
2026-02-07T11:42:04.408Z,6,20.30,43,OK,0.1
2026-02-07T11:42:04.458Z,6,20.27,44,OK,0.1
2026-02-07T11:42:04.510Z,8,20.22,45,OK,0.1
2026-02-07T11:42:04.560Z,6,20.23,46,OK,0.1
2026-02-07T11:42:04.610Z,6,20.24,47,OK,0.1
2026-02-07T11:42:04.661Z,6,20.30,48,OK,0.1
2026-02-07T11:42:04.798Z,6,54.07,45,OK,0.1
2026-02-07T11:42:04.849Z,8,54.15,42,OK,0.1
2026-02-07T11:42:04.899Z,8,54.06,39,OK,0.1
2026-02-07T11:42:04.949Z,7,20.45,40,OK,0.1
2026-02-07T11:42:04.999Z,7,20.35,41,OK,0.1
2026-02-07T11:42:05.049Z,7,20.47,42,OK,0.1
2026-02-07T11:42:05.099Z,7,20.30,43,OK,0.1
2026-02-07T11:42:05.149Z,7,20.29,44,OK,0.1
2026-02-07T11:42:05.200Z,6,20.26,45,OK,0.1
2026-02-07T11:42:05.249Z,6,20.23,46,OK,0.1
2026-02-07T11:42:05.299Z,6,20.27,47,OK,0.1
2026-02-07T11:42:05.350Z,7,20.14,48,OK,0.1
2026-02-07T11:42:05.400Z,7,20.18,49,OK,0.1
2026-02-07T11:42:05.451Z,7,20.17,50,OK,0.1
2026-02-07T11:42:05.502Z,7,20.30,50,OK,0.1
2026-02-07T11:42:05.552Z,6,20.16,50,OK,0.1
2026-02-07T11:42:05.602Z,6,20.17,50,OK,0.1
2026-02-07T11:42:05.652Z,6,20.19,50,OK,0.1
2026-02-07T11:42:05.703Z,5,20.65,50,OK,0.1
2026-02-07T11:42:05.753Z,5,20.64,50,OK,0.1
2026-02-07T11:42:05.803Z,5,20.58,50,OK,0.1
2026-02-07T11:42:05.854Z,4,20.23,50,OK,0.1
2026-02-07T11:42:05.905Z,4,19.94,50,OK,0.1
2026-02-07T11:42:06.007Z,4,45.98,47,OK,0.1
2026-02-07T11:42:06.192Z,8,84.25,41,OK,0.1
2026-02-07T11:42:06.399Z,9,130.11,1,SATURATED,0.4
2026-02-07T11:42:06.450Z,6,104.17,1,SATURATED,0.1
2026-02-07T11:42:06.500Z,6,66.01,1,SATURATED,0.1
2026-02-07T11:42:06.550Z,5,20.16,2,SATURATED,0.1
2026-02-07T11:42:06.601Z,5,20.04,3,SATURATED,0.1
2026-02-07T11:42:06.651Z,5,19.98,4,SATURATED,0.1
2026-02-07T11:42:06.701Z,5,20.30,5,SATURATED,0.1
2026-02-07T11:42:06.752Z,5,20.37,6,OK,0.1
2026-02-07T11:42:06.802Z,5,20.36,7,OK,0.1
2026-02-07T11:42:06.909Z,5,32.56,6,OK,0.1
2026-02-07T11:42:06.960Z,3,32.49,5,OK,0.1
2026-02-07T11:42:07.010Z,4,32.41,4,SATURATED,0.1
2026-02-07T11:42:07.060Z,3,20.12,5,OK,0.1
2026-02-07T11:42:07.111Z,3,20.19,6,OK,0.1
2026-02-07T11:42:07.309Z,3,20.27,7,OK,0.1
2026-02-07T11:42:07.360Z,2,20.34,8,OK,0.1
2026-02-07T11:42:07.410Z,3,20.21,9,OK,0.1
2026-02-07T11:42:07.461Z,3,20.20,10,OK,0.1
2026-02-07T11:42:07.511Z,3,20.07,11,OK,0.1
2026-02-07T11:42:07.607Z,5,28.73,10,OK,0.1
2026-02-07T11:42:07.796Z,8,68.31,5,SATURATED,0.1
2026-02-07T11:42:07.846Z,6,68.30,1,SATURATED,0.1
2026-02-07T11:42:07.896Z,6,59.71,1,SATURATED,0.1
2026-02-07T11:42:07.947Z,6,20.03,2,SATURATED,0.1
2026-02-07T11:42:07.997Z,6,20.29,3,SATURATED,0.1
2026-02-07T11:42:08.048Z,5,20.27,4,SATURATED,0.1
2026-02-07T11:42:08.098Z,5,20.20,5,SATURATED,0.1
2026-02-07T11:42:08.148Z,5,20.06,6,OK,0.1
2026-02-07T11:42:08.198Z,4,20.09,7,OK,0.1
2026-02-07T11:42:08.248Z,4,20.29,8,OK,0.1
2026-02-07T11:42:08.298Z,4,20.34,9,OK,0.1
2026-02-07T11:42:08.398Z,5,46.20,6,OK,0.1
2026-02-07T11:42:08.448Z,5,46.15,3,SATURATED,0.1
2026-02-07T11:42:08.499Z,5,46.10,1,SATURATED,0.1
2026-02-07T11:42:08.548Z,5,20.34,2,SATURATED,0.1
2026-02-07T11:42:08.599Z,5,20.38,3,SATURATED,0.1
2026-02-07T11:42:08.650Z,5,20.39,4,SATURATED,0.1
2026-02-07T11:42:08.699Z,5,19.92,5,SATURATED,0.1
2026-02-07T11:42:08.749Z,5,19.87,6,OK,0.1
2026-02-07T11:42:08.800Z,5,19.90,7,OK,0.1
2026-02-07T11:42:08.851Z,5,20.18,8,OK,0.1
2026-02-07T11:42:08.901Z,5,20.22,9,OK,0.1
2026-02-07T11:42:09.006Z,6,48.32,6,SATURATED,0.1
2026-02-07T11:42:09.057Z,5,48.41,3,SATURATED,0.1
2026-02-07T11:42:09.107Z,5,48.44,1,SATURATED,0.1
2026-02-07T11:42:09.157Z,5,20.29,2,SATURATED,0.1
2026-02-07T11:42:09.208Z,5,20.18,3,SATURATED,0.1
2026-02-07T11:42:09.258Z,5,20.10,4,SATURATED,0.1
2026-02-07T11:42:09.308Z,5,20.11,5,SATURATED,0.1
2026-02-07T11:42:09.359Z,5,20.32,6,OK,0.1
2026-02-07T11:42:09.408Z,4,20.35,7,OK,0.1
2026-02-07T11:42:09.459Z,4,20.31,8,OK,0.1
2026-02-07T11:42:09.509Z,4,20.23,9,OK,0.1
2026-02-07T11:42:09.560Z,3,20.21,10,OK,0.1
2026-02-07T11:42:09.611Z,2,20.40,11,OK,0.1
2026-02-07T11:42:09.661Z,2,20.35,12,OK,0.1
2026-02-07T11:42:09.791Z,2,40.29,10,OK,0.1
2026-02-07T11:42:09.978Z,2,79.05,4,OK,0.1
2026-02-07T11:42:10.119Z,1,112.41,1,SATURATED,0.1
2026-02-07T11:42:10.172Z,1,86.74,1,SATURATED,0.1
2026-02-07T11:42:10.223Z,1,47.59,1,SATURATED,0.1
2026-02-07T11:42:10.274Z,1,14.26,2,OK,0.1
2026-02-07T11:42:10.324Z,1,20.01,3,OK,0.1
2026-02-07T11:42:10.374Z,1,20.28,4,OK,0.1
2026-02-07T11:42:10.424Z,1,20.36,5,OK,0.1
2026-02-07T11:42:10.475Z,2,20.34,6,OK,0.1
2026-02-07T11:42:10.525Z,2,20.43,7,OK,0.1
2026-02-07T11:42:10.575Z,2,20.36,8,OK,0.1
2026-02-07T11:42:10.625Z,2,20.47,9,OK,0.1
2026-02-07T11:42:10.675Z,2,20.34,10,OK,0.1
2026-02-07T11:42:10.726Z,2,20.38,11,OK,0.1
2026-02-07T11:42:10.776Z,2,20.28,12,OK,0.1
2026-02-07T11:42:10.826Z,2,20.21,13,OK,0.1
2026-02-07T11:42:10.876Z,2,20.17,14,OK,0.1
2026-02-07T11:42:10.926Z,2,20.18,15,OK,0.1
2026-02-07T11:42:10.976Z,2,20.23,16,OK,0.1
2026-02-07T11:42:11.096Z,5,36.80,14,OK,0.1
2026-02-07T11:42:11.473Z,5,149.02,1,SATURATED,0.4
2026-02-07T11:42:11.524Z,3,149.08,1,SATURATED,0.4
2026-02-07T11:42:11.575Z,3,132.57,1,SATURATED,0.4
2026-02-07T11:42:11.626Z,3,20.42,2,SATURATED,0.1
2026-02-07T11:42:11.676Z,3,20.41,3,SATURATED,0.1
2026-02-07T11:42:11.727Z,3,20.34,4,OK,0.1
2026-02-07T11:42:11.777Z,3,20.17,5,OK,0.1
2026-02-07T11:42:11.827Z,3,19.99,6,OK,0.1
2026-02-07T11:42:11.877Z,3,20.07,7,OK,0.1
2026-02-07T11:42:11.996Z,3,46.13,4,OK,0.1
2026-02-07T11:42:12.046Z,3,46.29,1,SATURATED,0.1
2026-02-07T11:42:12.096Z,3,46.21,1,SATURATED,0.1
2026-02-07T11:42:12.146Z,3,20.19,2,SATURATED,0.1
2026-02-07T11:42:12.197Z,3,20.22,3,SATURATED,0.1
2026-02-07T11:42:12.248Z,3,20.21,4,OK,0.1
2026-02-07T11:42:12.297Z,3,20.22,5,OK,0.1
2026-02-07T11:42:12.347Z,3,20.18,6,OK,0.1
2026-02-07T11:42:12.398Z,3,20.20,7,OK,0.1
2026-02-07T11:42:12.449Z,1,20.20,8,OK,0.1
2026-02-07T11:42:12.596Z,4,58.84,4,SATURATED,0.1
2026-02-07T11:42:12.788Z,1,109.38,1,SATURATED,0.1
2026-02-07T11:42:12.838Z,1,109.38,1,SATURATED,0.1
2026-02-07T11:42:12.889Z,1,70.72,1,SATURATED,0.1
2026-02-07T11:42:12.939Z,1,20.21,2,OK,0.1
2026-02-07T11:42:12.989Z,0,20.23,3,OK,0.1
2026-02-07T11:42:13.039Z,0,20.42,4,OK,0.1
2026-02-07T11:42:13.089Z,0,20.41,5,OK,0.1
2026-02-07T11:42:13.139Z,0,20.27,6,OK,0.1
2026-02-07T11:42:13.189Z,0,20.02,7,OK,0.1
2026-02-07T11:42:13.239Z,0,20.02,8,OK,0.1
2026-02-07T11:42:13.290Z,0,20.20,9,OK,0.1
2026-02-07T11:42:13.341Z,0,20.29,10,OK,0.1
2026-02-07T11:42:13.392Z,0,20.31,11,OK,0.1
2026-02-07T11:42:13.441Z,0,20.36,12,OK,0.1
2026-02-07T11:42:13.491Z,0,20.39,13,OK,0.1
2026-02-07T11:42:13.541Z,0,20.34,14,OK,0.1
2026-02-07T11:42:13.591Z,0,20.26,15,OK,0.1
2026-02-07T11:42:13.699Z,0,32.83,14,OK,0.1
2026-02-07T11:42:14.204Z,14,177.75,1,SATURATED,0.4
2026-02-07T11:42:14.274Z,8,177.67,1,SATURATED,0.4
2026-02-07T11:42:14.325Z,2,164.90,1,SATURATED,0.4
2026-02-07T11:42:14.375Z,2,20.11,2,SATURATED,0.1
2026-02-07T11:42:14.425Z,2,20.20,3,OK,0.1
2026-02-07T11:42:14.475Z,2,20.20,4,OK,0.1
2026-02-07T11:42:14.525Z,2,19.99,5,OK,0.1
2026-02-07T11:42:14.575Z,2,19.97,6,OK,0.1
2026-02-07T11:42:14.625Z,2,20.02,7,OK,0.1
2026-02-07T11:42:14.675Z,2,20.13,8,OK,0.1
2026-02-07T11:42:14.725Z,3,20.06,9,OK,0.1
2026-02-07T11:42:14.775Z,3,20.20,10,OK,0.1
2026-02-07T11:42:14.826Z,3,20.24,11,OK,0.1
2026-02-07T11:42:14.876Z,3,20.31,12,OK,0.1
2026-02-07T11:42:14.927Z,3,20.51,13,OK,0.1
2026-02-07T11:42:14.978Z,3,20.41,14,OK,0.1
2026-02-07T11:42:15.028Z,3,20.55,15,OK,0.1
2026-02-07T11:42:15.079Z,3,20.38,16,OK,0.1
2026-02-07T11:42:15.129Z,3,20.46,17,OK,0.1
2026-02-07T11:42:15.178Z,3,20.31,18,OK,0.1
2026-02-07T11:42:15.380Z,17,45.93,15,SATURATED,0.1
2026-02-07T11:42:15.588Z,15,91.80,8,SATURATED,0.1
2026-02-07T11:42:15.639Z,7,91.82,1,SATURATED,0.1
2026-02-07T11:42:15.690Z,7,66.34,1,SATURATED,0.1
2026-02-07T11:42:15.739Z,5,20.44,2,SATURATED,0.1
2026-02-07T11:42:15.789Z,5,20.44,3,SATURATED,0.1
2026-02-07T11:42:15.840Z,5,20.26,4,SATURATED,0.1
2026-02-07T11:42:15.889Z,5,20.20,5,SATURATED,0.1
2026-02-07T11:42:15.939Z,5,20.28,6,OK,0.1
2026-02-07T11:42:15.989Z,5,20.32,7,OK,0.1
2026-02-07T11:42:16.039Z,6,20.22,8,OK,0.1
2026-02-07T11:42:16.090Z,6,20.16,9,OK,0.1
2026-02-07T11:42:16.139Z,6,20.14,10,OK,0.1
2026-02-07T11:42:16.189Z,6,20.21,11,OK,0.1
2026-02-07T11:42:16.295Z,6,47.17,8,OK,0.1
2026-02-07T11:42:16.346Z,6,47.17,5,SATURATED,0.1
2026-02-07T11:42:16.396Z,6,47.11,2,SATURATED,0.1
2026-02-07T11:42:16.446Z,6,20.14,3,SATURATED,0.1
2026-02-07T11:42:16.497Z,6,20.16,4,SATURATED,0.1
2026-02-07T11:42:16.548Z,6,20.23,5,SATURATED,0.1
2026-02-07T11:42:16.598Z,6,20.22,6,SATURATED,0.1
2026-02-07T11:42:16.649Z,6,20.20,7,OK,0.1
2026-02-07T11:42:16.699Z,7,20.24,8,OK,0.1
2026-02-07T11:42:16.749Z,6,20.32,9,OK,0.1
2026-02-07T11:42:16.799Z,6,20.30,10,OK,0.1
2026-02-07T11:42:16.849Z,6,20.32,11,OK,0.1
2026-02-07T11:42:16.899Z,6,20.34,12,OK,0.1
2026-02-07T11:42:16.949Z,6,20.43,13,OK,0.1
2026-02-07T11:42:17.000Z,6,20.40,14,OK,0.1
2026-02-07T11:42:17.050Z,6,20.27,15,OK,0.1
2026-02-07T11:42:17.100Z,6,20.19,16,OK,0.1
2026-02-07T11:42:17.151Z,6,20.21,17,OK,0.1
2026-02-07T11:42:17.201Z,6,20.25,18,OK,0.1
2026-02-07T11:42:17.251Z,3,20.22,19,OK,0.1
2026-02-07T11:42:17.508Z,7,20.28,20,OK,0.1
2026-02-07T11:42:18.485Z,17,339.18,1,SATURATED,0.4
2026-02-07T11:42:18.574Z,8,345.47,1,SATURATED,0.4
2026-02-07T11:42:18.625Z,5,345.40,1,SATURATED,0.4
2026-02-07T11:42:18.675Z,5,26.47,1,SATURATED,0.1
2026-02-07T11:42:18.725Z,4,20.22,2,SATURATED,0.1
2026-02-07T11:42:18.776Z,4,20.24,3,SATURATED,0.1
2026-02-07T11:42:18.825Z,4,20.19,4,SATURATED,0.1
2026-02-07T11:42:18.875Z,4,20.17,5,OK,0.1
2026-02-07T11:42:18.926Z,4,20.22,6,OK,0.1
2026-02-07T11:42:18.976Z,4,20.25,7,OK,0.1
2026-02-07T11:42:19.026Z,4,20.15,8,OK,0.1
2026-02-07T11:42:19.077Z,4,20.11,9,OK,0.1
2026-02-07T11:42:19.127Z,4,19.96,10,OK,0.1
2026-02-07T11:42:19.177Z,4,20.17,11,OK,0.1
2026-02-07T11:42:19.228Z,3,20.12,12,OK,0.1
2026-02-07T11:42:19.277Z,3,20.31,13,OK,0.1
2026-02-07T11:42:19.327Z,3,20.23,14,OK,0.1
2026-02-07T11:42:19.378Z,3,20.25,15,OK,0.1
2026-02-07T11:42:19.428Z,3,20.15,16,OK,0.1
2026-02-07T11:42:19.477Z,3,20.11,17,OK,0.1
2026-02-07T11:42:19.690Z,3,67.73,12,OK,0.1
2026-02-07T11:42:19.783Z,9,75.39,6,SATURATED,0.1
2026-02-07T11:42:19.832Z,1,75.28,1,SATURATED,0.1
2026-02-07T11:42:19.883Z,1,27.68,1,SATURATED,0.1
2026-02-07T11:42:19.934Z,1,20.13,2,OK,0.1
2026-02-07T11:42:19.983Z,1,20.29,3,OK,0.1
2026-02-07T11:42:20.034Z,1,20.23,4,OK,0.1
2026-02-07T11:42:20.083Z,1,20.24,5,OK,0.1
2026-02-07T11:42:20.198Z,1,50.64,2,OK,0.1
2026-02-07T11:42:20.248Z,1,50.72,1,SATURATED,0.1
2026-02-07T11:42:20.299Z,1,50.66,1,SATURATED,0.1
2026-02-07T11:42:20.350Z,1,20.21,2,OK,0.1
2026-02-07T11:42:20.401Z,1,20.22,3,OK,0.1
2026-02-07T11:42:20.451Z,1,20.27,4,OK,0.1
2026-02-07T11:42:20.502Z,1,20.36,5,OK,0.1
2026-02-07T11:42:20.552Z,1,20.28,6,OK,0.1
2026-02-07T11:42:20.602Z,1,20.26,7,OK,0.1
2026-02-07T11:42:20.653Z,1,20.23,8,OK,0.1
2026-02-07T11:42:20.704Z,3,20.24,9,OK,0.1
2026-02-07T11:42:20.993Z,8,93.48,2,SATURATED,0.1
2026-02-07T11:42:21.076Z,2,97.36,1,SATURATED,0.1
2026-02-07T11:42:21.126Z,2,97.34,1,SATURATED,0.1
2026-02-07T11:42:21.175Z,2,24.10,2,SATURATED,0.1
2026-02-07T11:42:21.225Z,2,20.17,3,OK,0.1
2026-02-07T11:42:21.276Z,2,20.25,4,OK,0.1
2026-02-07T11:42:21.325Z,2,20.25,5,OK,0.1
2026-02-07T11:42:21.376Z,2,20.24,6,OK,0.1
2026-02-07T11:42:21.426Z,2,20.15,7,OK,0.1
2026-02-07T11:42:21.477Z,2,20.14,8,OK,0.1
2026-02-07T11:42:21.527Z,2,20.13,9,OK,0.1
2026-02-07T11:42:21.577Z,2,20.19,10,OK,0.1
2026-02-07T11:42:21.628Z,2,20.33,11,OK,0.1
2026-02-07T11:42:21.678Z,2,20.35,12,OK,0.1
2026-02-07T11:42:21.728Z,2,20.22,13,OK,0.1
2026-02-07T11:42:21.777Z,2,20.05,14,OK,0.1
2026-02-07T11:42:21.827Z,2,20.02,15,OK,0.1
2026-02-07T11:42:21.878Z,2,20.17,16,OK,0.1
2026-02-07T11:42:21.929Z,2,20.12,17,OK,0.1
2026-02-07T11:42:21.978Z,2,20.12,18,OK,0.1
2026-02-07T11:42:22.099Z,3,37.06,16,OK,0.1
2026-02-07T11:42:22.597Z,16,196.37,1,SATURATED,0.4
2026-02-07T11:42:22.648Z,4,196.39,1,SATURATED,0.4
2026-02-07T11:42:22.698Z,3,179.49,1,SATURATED,0.4
2026-02-07T11:42:22.749Z,3,20.14,2,SATURATED,0.1
2026-02-07T11:42:22.799Z,3,20.20,3,SATURATED,0.1
2026-02-07T11:42:22.849Z,3,20.16,4,OK,0.1
2026-02-07T11:42:22.900Z,3,20.32,5,OK,0.1
2026-02-07T11:42:22.950Z,3,20.26,6,OK,0.1
2026-02-07T11:42:23.000Z,3,20.28,7,OK,0.1
2026-02-07T11:42:23.051Z,3,20.26,8,OK,0.1
2026-02-07T11:42:23.101Z,3,20.31,9,OK,0.1
2026-02-07T11:42:23.150Z,4,20.50,10,OK,0.1
2026-02-07T11:42:23.201Z,4,20.52,11,OK,0.1
2026-02-07T11:42:23.252Z,4,20.48,12,OK,0.1
2026-02-07T11:42:23.301Z,4,20.32,13,OK,0.1
2026-02-07T11:42:23.351Z,4,20.29,14,OK,0.1
2026-02-07T11:42:23.401Z,4,20.26,15,OK,0.1
2026-02-07T11:42:23.451Z,4,20.34,16,OK,0.1
2026-02-07T11:42:23.502Z,4,20.32,17,OK,0.1
2026-02-07T11:42:23.552Z,4,20.34,18,OK,0.1
2026-02-07T11:42:23.880Z,5,20.37,19,OK,0.1
2026-02-07T11:42:24.276Z,19,145.10,1,SATURATED,0.4
2026-02-07T11:42:24.326Z,2,145.07,1,SATURATED,0.4
2026-02-07T11:42:24.377Z,2,144.96,1,SATURATED,0.4
2026-02-07T11:42:24.428Z,1,20.14,2,OK,0.1
2026-02-07T11:42:24.478Z,1,20.18,3,OK,0.1
2026-02-07T11:42:24.527Z,1,20.14,4,OK,0.1
2026-02-07T11:42:24.578Z,1,20.23,5,OK,0.1
2026-02-07T11:42:24.629Z,1,20.19,6,OK,0.1
2026-02-07T11:42:24.679Z,1,20.22,7,OK,0.1
2026-02-07T11:42:24.730Z,1,20.19,8,OK,0.1
2026-02-07T11:42:24.780Z,1,20.33,9,OK,0.1
2026-02-07T11:42:24.830Z,1,20.37,10,OK,0.1
2026-02-07T11:42:24.880Z,1,20.40,11,OK,0.1
2026-02-07T11:42:24.930Z,1,20.26,12,OK,0.1
2026-02-07T11:42:24.981Z,1,20.08,13,OK,0.1
2026-02-07T11:42:25.032Z,1,20.10,14,OK,0.1
2026-02-07T11:42:25.083Z,1,20.06,15,OK,0.1
2026-02-07T11:42:25.133Z,0,19.66,16,OK,0.1
2026-02-07T11:42:25.183Z,0,12.92,17,OK,0.1
2026-02-07T11:42:25.234Z,0,12.99,18,OK,0.1
2026-02-07T11:42:25.479Z,0,13.52,19,OK,0.1
2026-02-07T11:42:26.389Z,11,316.47,1,SATURATED,0.4
2026-02-07T11:42:26.439Z,0,316.46,1,OK,0.4
2026-02-07T11:42:26.490Z,1,316.45,1,SATURATED,0.4
2026-02-07T11:42:26.539Z,1,20.26,2,OK,0.1
2026-02-07T11:42:26.590Z,1,20.26,3,OK,0.1
2026-02-07T11:42:26.641Z,1,20.12,4,OK,0.1
2026-02-07T11:42:26.691Z,1,20.08,5,OK,0.1
2026-02-07T11:42:26.741Z,1,20.13,6,OK,0.1
2026-02-07T11:42:26.790Z,1,20.33,7,OK,0.1
2026-02-07T11:42:26.840Z,1,20.35,8,OK,0.1
2026-02-07T11:42:26.890Z,1,20.36,9,OK,0.1
2026-02-07T11:42:26.941Z,1,20.30,10,OK,0.1
2026-02-07T11:42:26.992Z,1,20.29,11,OK,0.1
2026-02-07T11:42:27.043Z,1,20.26,12,OK,0.1
2026-02-07T11:42:27.093Z,1,20.27,13,OK,0.1
2026-02-07T11:42:27.144Z,1,20.46,14,OK,0.1
2026-02-07T11:42:27.195Z,1,20.43,15,OK,0.1
2026-02-07T11:42:27.246Z,1,20.44,16,OK,0.1
2026-02-07T11:42:27.295Z,1,20.26,17,OK,0.1
2026-02-07T11:42:27.345Z,1,20.27,18,OK,0.1
2026-02-07T11:42:27.396Z,1,20.30,19,OK,0.1
2026-02-07T11:42:27.601Z,2,80.77,13,OK,0.1
2026-02-07T11:42:27.877Z,4,149.34,1,SATURATED,0.4
2026-02-07T11:42:27.928Z,1,149.29,1,SATURATED,0.4
2026-02-07T11:42:27.979Z,1,88.93,1,SATURATED,0.1
2026-02-07T11:42:28.029Z,1,20.41,2,OK,0.1
2026-02-07T11:42:28.079Z,1,20.42,3,OK,0.1
2026-02-07T11:42:28.130Z,1,20.34,4,OK,0.1
2026-02-07T11:42:28.179Z,1,20.28,5,OK,0.1
2026-02-07T11:42:28.230Z,1,20.27,6,OK,0.1
2026-02-07T11:42:28.279Z,1,20.25,7,OK,0.1
2026-02-07T11:42:28.329Z,1,20.25,8,OK,0.1
2026-02-07T11:42:28.380Z,1,20.28,9,OK,0.1
2026-02-07T11:42:28.431Z,2,20.35,10,OK,0.1
2026-02-07T11:42:28.481Z,2,20.36,11,OK,0.1
2026-02-07T11:42:28.532Z,1,20.34,12,OK,0.1
2026-02-07T11:42:28.582Z,1,20.31,13,OK,0.1
2026-02-07T11:42:28.632Z,1,20.29,14,OK,0.1
2026-02-07T11:42:28.682Z,1,20.32,15,OK,0.1
2026-02-07T11:42:28.732Z,1,20.31,16,OK,0.1
2026-02-07T11:42:28.783Z,1,20.30,17,OK,0.1
2026-02-07T11:42:28.833Z,1,20.29,18,OK,0.1
2026-02-07T11:42:28.883Z,3,20.24,19,OK,0.1
2026-02-07T11:42:28.933Z,2,20.23,20,OK,0.1
2026-02-07T11:42:28.983Z,2,20.20,21,OK,0.1
2026-02-07T11:42:29.033Z,2,20.26,22,OK,0.1
2026-02-07T11:42:29.083Z,2,20.38,23,OK,0.1
2026-02-07T11:42:29.134Z,2,20.41,24,OK,0.1
2026-02-07T11:42:29.185Z,2,20.39,25,OK,0.1
2026-02-07T11:42:29.235Z,2,20.29,26,OK,0.1
2026-02-07T11:42:29.284Z,2,20.42,27,OK,0.1
2026-02-07T11:42:29.335Z,2,20.35,28,OK,0.1
2026-02-07T11:42:29.385Z,2,20.26,29,OK,0.1
2026-02-07T11:42:29.434Z,2,20.15,30,OK,0.1
2026-02-07T11:42:29.485Z,2,20.21,31,OK,0.1
2026-02-07T11:42:29.535Z,2,20.40,32,OK,0.1
2026-02-07T11:42:29.586Z,2,20.42,33,OK,0.1
2026-02-07T11:42:29.635Z,2,20.39,34,OK,0.1
2026-02-07T11:42:29.686Z,2,20.29,35,OK,0.1
2026-02-07T11:42:29.736Z,2,20.23,36,OK,0.1
2026-02-07T11:42:29.786Z,2,20.26,37,OK,0.1
2026-02-07T11:42:29.835Z,2,20.26,38,OK,0.1
2026-02-07T11:42:29.885Z,2,20.37,39,OK,0.1
2026-02-07T11:42:29.936Z,2,20.35,40,OK,0.1
2026-02-07T11:42:29.986Z,2,20.33,41,OK,0.1
2026-02-07T11:42:30.037Z,2,20.27,42,OK,0.1
2026-02-07T11:42:30.086Z,2,20.34,43,OK,0.1
2026-02-07T11:42:30.136Z,2,20.32,44,OK,0.1
2026-02-07T11:42:30.187Z,2,20.17,45,OK,0.1
2026-02-07T11:42:30.238Z,2,20.12,46,OK,0.1
2026-02-07T11:42:30.288Z,2,20.11,47,OK,0.1
2026-02-07T11:42:30.337Z,2,20.34,48,OK,0.1
2026-02-07T11:42:30.388Z,2,20.44,49,OK,0.1
2026-02-07T11:42:30.439Z,1,20.59,50,OK,0.1
2026-02-07T11:42:30.489Z,1,20.49,50,OK,0.1
2026-02-07T11:42:30.540Z,1,20.38,50,OK,0.1
2026-02-07T11:42:30.590Z,1,20.31,50,OK,0.1
2026-02-07T11:42:30.640Z,1,20.29,50,OK,0.1
2026-02-07T11:42:30.690Z,1,20.31,50,OK,0.1
2026-02-07T11:42:30.740Z,1,20.26,50,OK,0.1
2026-02-07T11:42:30.791Z,1,20.27,50,OK,0.1
2026-02-07T11:42:30.841Z,1,20.28,50,OK,0.1
2026-02-07T11:42:30.892Z,0,20.33,50,OK,0.1
2026-02-07T11:42:30.943Z,0,20.32,50,OK,0.1
2026-02-07T11:42:30.993Z,0,20.32,50,OK,0.1
2026-02-07T11:42:31.043Z,0,20.29,50,OK,0.1
2026-02-07T11:42:31.094Z,0,20.31,50,OK,0.1
2026-02-07T11:42:31.144Z,0,20.31,50,OK,0.1
2026-02-07T11:42:31.194Z,0,20.27,50,OK,0.1
2026-02-07T11:42:31.244Z,0,20.25,50,OK,0.1
2026-02-07T11:42:31.294Z,0,20.24,50,OK,0.1
2026-02-07T11:42:31.345Z,0,20.28,50,OK,0.1
2026-02-07T11:42:31.395Z,0,20.49,50,OK,0.1
2026-02-07T11:42:31.445Z,0,20.46,50,OK,0.1
2026-02-07T11:42:31.494Z,0,20.45,50,OK,0.1
2026-02-07T11:42:31.545Z,0,20.26,50,OK,0.1
2026-02-07T11:42:31.595Z,0,20.28,50,OK,0.1
2026-02-07T11:42:31.646Z,0,20.29,50,OK,0.1
2026-02-07T11:42:31.697Z,0,20.26,50,OK,0.1
2026-02-07T11:42:31.748Z,0,20.27,50,OK,0.1
2026-02-07T11:42:31.799Z,0,20.34,50,OK,0.1
2026-02-07T11:42:31.848Z,0,20.31,50,OK,0.1
2026-02-07T11:42:31.899Z,0,20.34,50,OK,0.1
2026-02-07T11:42:31.948Z,0,20.23,50,OK,0.1
2026-02-07T11:42:31.998Z,0,20.10,50,OK,0.1
2026-02-07T11:42:32.049Z,0,20.09,50,OK,0.1
2026-02-07T11:42:32.099Z,0,20.20,50,OK,0.1
2026-02-07T11:42:32.149Z,0,20.56,50,OK,0.1
2026-02-07T11:42:32.200Z,0,20.47,50,OK,0.1
2026-02-07T11:42:32.250Z,0,20.40,50,OK,0.1
2026-02-07T11:42:32.300Z,0,20.29,50,OK,0.1
2026-02-07T11:42:32.351Z,0,20.35,50,OK,0.1
2026-02-07T11:42:32.401Z,0,20.33,50,OK,0.1
2026-02-07T11:42:32.452Z,0,20.23,50,OK,0.1
2026-02-07T11:42:32.502Z,0,20.32,50,OK,0.1
2026-02-07T11:42:32.553Z,0,20.32,50,OK,0.1
2026-02-07T11:42:32.604Z,0,20.22,50,OK,0.1
2026-02-07T11:42:32.655Z,0,20.17,50,OK,0.1
2026-02-07T11:42:32.705Z,0,20.27,50,OK,0.1
2026-02-07T11:42:32.756Z,0,20.42,50,OK,0.1
2026-02-07T11:42:32.807Z,0,20.46,50,OK,0.1
2026-02-07T11:42:32.858Z,0,20.39,50,OK,0.1
2026-02-07T11:42:32.908Z,0,20.41,50,OK,0.1
2026-02-07T11:42:32.959Z,0,20.37,50,OK,0.1
2026-02-07T11:42:33.009Z,0,20.22,50,OK,0.1
2026-02-07T11:42:33.059Z,0,20.20,50,OK,0.1
2026-02-07T11:42:33.109Z,0,20.31,50,OK,0.1
2026-02-07T11:42:33.158Z,0,20.76,50,OK,0.1
2026-02-07T11:42:33.208Z,0,20.62,50,OK,0.1
2026-02-07T11:42:33.258Z,0,20.46,50,OK,0.1
2026-02-07T11:42:33.309Z,0,20.17,50,OK,0.1
2026-02-07T11:42:33.358Z,0,20.31,50,OK,0.1
2026-02-07T11:42:33.408Z,0,20.33,50,OK,0.1
2026-02-07T11:42:33.459Z,0,20.30,50,OK,0.1
2026-02-07T11:42:33.509Z,0,20.30,50,OK,0.1
2026-02-07T11:42:33.560Z,0,20.32,50,OK,0.1
2026-02-07T11:42:33.611Z,0,20.27,50,OK,0.1
2026-02-07T11:42:33.662Z,0,20.22,50,OK,0.1
2026-02-07T11:42:33.713Z,0,20.27,50,OK,0.1
2026-02-07T11:42:33.764Z,0,20.29,50,OK,0.1
2026-02-07T11:42:33.814Z,0,20.31,50,OK,0.1
2026-02-07T11:42:33.865Z,0,20.35,50,OK,0.1
2026-02-07T11:42:33.915Z,0,20.29,50,OK,0.1
2026-02-07T11:42:33.966Z,0,20.27,50,OK,0.1
2026-02-07T11:42:34.016Z,0,20.20,50,OK,0.1
2026-02-07T11:42:34.066Z,0,20.29,50,OK,0.1
2026-02-07T11:42:34.117Z,0,20.44,50,OK,0.1
2026-02-07T11:42:34.168Z,0,20.40,50,OK,0.1
2026-02-07T11:42:34.218Z,0,20.37,50,OK,0.1
2026-02-07T11:42:34.268Z,0,20.23,50,OK,0.1
2026-02-07T11:42:34.317Z,0,20.29,50,OK,0.1
2026-02-07T11:42:34.367Z,0,20.34,50,OK,0.1
2026-02-07T11:42:34.417Z,0,20.09,50,OK,0.1
2026-02-07T11:42:34.467Z,0,20.06,50,OK,0.1
2026-02-07T11:42:34.518Z,0,19.84,50,OK,0.1
2026-02-07T11:42:34.568Z,0,20.08,50,OK,0.1
2026-02-07T11:42:34.617Z,0,19.75,50,OK,0.1
2026-02-07T11:42:34.667Z,0,19.97,50,OK,0.1
2026-02-07T11:42:34.717Z,0,20.06,50,OK,0.1
2026-02-07T11:42:34.768Z,0,20.32,50,OK,0.1
2026-02-07T11:42:34.818Z,0,20.12,50,OK,0.1
2026-02-07T11:42:34.869Z,0,20.01,50,OK,0.1
2026-02-07T11:42:34.918Z,0,19.76,50,OK,0.1
2026-02-07T11:42:34.969Z,0,19.94,50,OK,0.1
2026-02-07T11:42:35.019Z,0,19.99,50,OK,0.1
2026-02-07T11:42:35.070Z,0,20.28,50,OK,0.1
2026-02-07T11:42:35.121Z,0,20.34,50,OK,0.1
2026-02-07T11:42:35.171Z,0,20.29,50,OK,0.1
2026-02-07T11:42:35.222Z,0,20.40,50,OK,0.1
2026-02-07T11:42:35.272Z,0,20.36,50,OK,0.1
2026-02-07T11:42:35.322Z,0,20.53,50,OK,0.1
2026-02-07T11:42:35.373Z,0,20.41,50,OK,0.1
2026-02-07T11:42:35.423Z,0,20.58,50,OK,0.1
2026-02-07T11:42:35.473Z,0,20.44,50,OK,0.1
2026-02-07T11:42:35.524Z,0,20.52,50,OK,0.1
2026-02-07T11:42:35.575Z,0,20.39,50,OK,0.1
2026-02-07T11:42:35.624Z,0,20.48,50,OK,0.1
2026-02-07T11:42:35.675Z,0,20.44,50,OK,0.1
2026-02-07T11:42:35.726Z,0,20.40,50,OK,0.1
2026-02-07T11:42:35.776Z,0,20.32,50,OK,0.1
2026-02-07T11:42:35.827Z,0,20.08,50,OK,0.1
2026-02-07T11:42:35.876Z,0,20.12,50,OK,0.1
2026-02-07T11:42:35.927Z,0,20.06,50,OK,0.1
2026-02-07T11:42:35.977Z,0,20.30,50,OK,0.1
2026-02-07T11:42:36.026Z,0,20.33,50,OK,0.1
2026-02-07T11:42:36.076Z,0,20.34,50,OK,0.1
2026-02-07T11:42:36.126Z,0,20.35,50,OK,0.1
2026-02-07T11:42:36.177Z,0,20.28,50,OK,0.1
2026-02-07T11:42:36.227Z,0,20.40,50,OK,0.1
2026-02-07T11:42:36.276Z,0,20.34,50,OK,0.1
2026-02-07T11:42:36.327Z,0,20.25,50,OK,0.1
2026-02-07T11:42:36.376Z,0,20.15,50,OK,0.1
2026-02-07T11:42:36.426Z,0,20.06,50,OK,0.1
2026-02-07T11:42:36.476Z,0,20.17,50,OK,0.1
2026-02-07T11:42:36.527Z,0,20.17,50,OK,0.1
2026-02-07T11:42:36.577Z,0,20.29,50,OK,0.1
2026-02-07T11:42:36.627Z,0,20.40,50,OK,0.1
2026-02-07T11:42:36.678Z,0,20.41,50,OK,0.1
2026-02-07T11:42:36.728Z,0,20.20,50,OK,0.1
2026-02-07T11:42:36.778Z,0,20.12,50,OK,0.1
2026-02-07T11:42:36.828Z,0,19.85,50,OK,0.1
2026-02-07T11:42:36.879Z,0,20.04,50,OK,0.1
2026-02-07T11:42:36.929Z,0,20.17,50,OK,0.1
2026-02-07T11:42:36.979Z,0,20.44,50,OK,0.1
2026-02-07T11:42:37.030Z,0,20.28,50,OK,0.1
2026-02-07T11:42:37.079Z,0,20.10,50,OK,0.1
2026-02-07T11:42:37.129Z,0,20.08,50,OK,0.1
2026-02-07T11:42:37.180Z,0,20.21,50,OK,0.1
2026-02-07T11:42:37.230Z,0,20.05,50,OK,0.1
2026-02-07T11:42:37.280Z,0,20.09,50,OK,0.1
2026-02-07T11:42:37.331Z,0,20.22,50,OK,0.1
2026-02-07T11:42:37.380Z,0,20.39,50,OK,0.1
2026-02-07T11:42:37.430Z,0,20.44,50,OK,0.1
2026-02-07T11:42:37.481Z,0,20.38,50,OK,0.1
2026-02-07T11:42:37.531Z,0,20.38,50,OK,0.1
2026-02-07T11:42:37.581Z,0,20.30,50,OK,0.1
2026-02-07T11:42:37.631Z,0,20.35,50,OK,0.1
2026-02-07T11:42:37.681Z,0,20.34,50,OK,0.1
2026-02-07T11:42:37.732Z,0,20.24,50,OK,0.1
2026-02-07T11:42:37.782Z,0,20.14,50,OK,0.1
2026-02-07T11:42:37.832Z,0,20.18,50,OK,0.1
