Timestamp,ActiveRequests,Lag_ms,VirtualLimit,Status
2026-02-16T05:51:29.316Z,0,25.67,50,OK
2026-02-16T05:51:29.366Z,0,20.25,50,OK
2026-02-16T05:51:29.416Z,0,20.19,50,OK
2026-02-16T05:51:29.466Z,0,20.24,50,OK
2026-02-16T05:51:29.516Z,0,20.54,50,OK
2026-02-16T05:51:29.567Z,0,20.32,50,OK
2026-02-16T05:51:29.618Z,0,20.28,50,OK
2026-02-16T05:51:29.669Z,0,20.39,50,OK
2026-02-16T05:51:29.719Z,0,20.32,50,OK
2026-02-16T05:51:29.770Z,0,21.85,50,OK
2026-02-16T05:51:29.820Z,0,20.36,50,OK
2026-02-16T05:51:29.871Z,0,20.01,50,OK
2026-02-16T05:51:29.922Z,0,20.26,50,OK
2026-02-16T05:51:29.971Z,0,20.18,50,OK
2026-02-16T05:51:30.021Z,0,20.37,50,OK
2026-02-16T05:51:30.071Z,0,20.16,50,OK
2026-02-16T05:51:30.121Z,0,20.25,50,OK
2026-02-16T05:51:30.172Z,0,20.18,50,OK
2026-02-16T05:51:30.222Z,0,20.38,50,OK
2026-02-16T05:51:30.272Z,0,20.18,50,OK
2026-02-16T05:51:30.322Z,0,20.23,50,OK
2026-02-16T05:51:30.373Z,0,20.31,50,OK
2026-02-16T05:51:30.424Z,0,20.46,50,OK
2026-02-16T05:51:30.475Z,0,20.44,50,OK
2026-02-16T05:51:30.526Z,0,19.96,50,OK
2026-02-16T05:51:30.575Z,0,20.54,50,OK
2026-02-16T05:51:30.625Z,0,20.27,50,OK
2026-02-16T05:51:30.676Z,0,19.31,50,OK
2026-02-16T05:51:30.727Z,0,20.32,50,OK
2026-02-16T05:51:30.778Z,0,20.24,50,OK
2026-02-16T05:51:30.828Z,0,20.38,50,OK
2026-02-16T05:51:30.879Z,0,20.32,50,OK
2026-02-16T05:51:30.930Z,0,20.42,50,OK
2026-02-16T05:51:30.980Z,0,20.29,50,OK
2026-02-16T05:51:31.031Z,0,20.44,50,OK
2026-02-16T05:51:31.081Z,0,20.32,50,OK
2026-02-16T05:51:31.132Z,0,19.96,50,OK
2026-02-16T05:51:31.183Z,0,20.31,50,OK
2026-02-16T05:51:31.234Z,0,19.83,50,OK
2026-02-16T05:51:31.284Z,0,20.32,50,OK
2026-02-16T05:51:31.334Z,0,20.41,50,OK
2026-02-16T05:51:31.384Z,0,20.44,50,OK
2026-02-16T05:51:31.435Z,0,20.37,50,OK
2026-02-16T05:51:31.485Z,0,20.45,50,OK
2026-02-16T05:51:31.535Z,0,20.26,50,OK
2026-02-16T05:51:31.585Z,0,20.42,50,OK
2026-02-16T05:51:31.635Z,0,20.19,50,OK
2026-02-16T05:51:31.686Z,0,20.31,50,OK
2026-02-16T05:51:31.735Z,0,20.39,50,OK
2026-02-16T05:51:31.786Z,0,20.25,50,OK
2026-02-16T05:51:31.836Z,0,20.44,50,OK
2026-02-16T05:51:31.886Z,0,20.78,50,OK
2026-02-16T05:51:31.936Z,0,20.28,50,OK
2026-02-16T05:51:31.986Z,0,20.34,50,OK
2026-02-16T05:51:32.036Z,0,20.28,50,OK
2026-02-16T05:51:32.087Z,0,20.44,50,OK
2026-02-16T05:51:32.137Z,0,20.42,50,OK
2026-02-16T05:51:32.187Z,0,20.67,50,OK
2026-02-16T05:51:32.237Z,0,20.28,50,OK
2026-02-16T05:51:32.287Z,0,20.14,50,OK
2026-02-16T05:51:32.337Z,0,20.30,50,OK
2026-02-16T05:51:32.387Z,0,20.24,50,OK
2026-02-16T05:51:32.437Z,0,20.54,50,OK
2026-02-16T05:51:32.487Z,0,20.39,50,OK
2026-02-16T05:51:32.537Z,0,20.38,50,OK
2026-02-16T05:51:32.587Z,0,20.36,50,OK
2026-02-16T05:51:32.638Z,0,20.41,50,OK
2026-02-16T05:51:32.688Z,0,20.39,50,OK
2026-02-16T05:51:32.739Z,0,20.34,50,OK
2026-02-16T05:51:32.789Z,0,20.52,50,OK
2026-02-16T05:51:32.840Z,0,20.29,50,OK
2026-02-16T05:51:32.890Z,0,20.57,50,OK
2026-02-16T05:51:32.940Z,0,20.39,50,OK
2026-02-16T05:51:32.991Z,0,20.57,50,OK
2026-02-16T05:51:33.041Z,0,20.42,50,OK
2026-02-16T05:51:33.091Z,0,20.31,50,OK
2026-02-16T05:51:33.141Z,0,20.37,50,OK
2026-02-16T05:51:33.191Z,0,20.41,50,OK
2026-02-16T05:51:33.241Z,0,20.47,50,OK
2026-02-16T05:51:33.292Z,0,20.42,50,OK
2026-02-16T05:51:33.343Z,0,20.44,50,OK
2026-02-16T05:51:33.393Z,0,20.38,50,OK
2026-02-16T05:51:33.444Z,0,20.36,50,OK
2026-02-16T05:51:33.495Z,0,20.43,50,OK
2026-02-16T05:51:33.546Z,0,20.26,50,OK
2026-02-16T05:51:33.596Z,0,20.20,50,OK
2026-02-16T05:51:33.647Z,0,20.26,50,OK
2026-02-16T05:51:33.697Z,0,20.27,50,OK
2026-02-16T05:51:33.747Z,0,20.55,50,OK
2026-02-16T05:51:33.797Z,0,20.46,50,OK
2026-02-16T05:51:33.847Z,0,20.62,50,OK
2026-02-16T05:51:33.897Z,0,20.55,50,OK
2026-02-16T05:51:33.947Z,0,20.40,50,OK
2026-02-16T05:51:33.997Z,0,20.28,50,OK
2026-02-16T05:51:34.048Z,0,20.44,50,OK
2026-02-16T05:51:34.099Z,0,20.54,50,OK
2026-02-16T05:51:34.149Z,0,20.30,50,OK
2026-02-16T05:51:34.199Z,0,20.32,50,OK
2026-02-16T05:51:34.249Z,0,20.40,50,OK
2026-02-16T05:51:34.300Z,0,20.37,50,OK
2026-02-16T05:51:34.351Z,0,20.26,50,OK
2026-02-16T05:51:34.402Z,0,20.01,50,OK
2026-02-16T05:51:34.452Z,0,20.31,50,OK
2026-02-16T05:51:34.502Z,0,20.44,50,OK
2026-02-16T05:51:34.553Z,0,20.37,50,OK
2026-02-16T05:51:34.604Z,0,19.87,50,OK
2026-02-16T05:51:34.654Z,0,20.24,50,OK
2026-02-16T05:51:34.705Z,0,19.91,50,OK
2026-02-16T05:51:34.755Z,0,20.31,50,OK
2026-02-16T05:51:34.805Z,0,20.43,50,OK
2026-02-16T05:51:34.856Z,0,20.65,50,OK
2026-02-16T05:51:34.907Z,0,20.49,50,OK
2026-02-16T05:51:34.957Z,0,20.23,50,OK
2026-02-16T05:51:35.007Z,0,20.27,50,OK
2026-02-16T05:51:35.058Z,0,20.29,50,OK
2026-02-16T05:51:35.109Z,0,20.41,50,OK
2026-02-16T05:51:35.160Z,0,20.28,50,OK
2026-02-16T05:51:35.211Z,0,20.42,50,OK
2026-02-16T05:51:35.262Z,0,20.37,50,OK
2026-02-16T05:51:35.312Z,0,20.80,50,OK
2026-02-16T05:51:35.362Z,0,20.24,50,OK
2026-02-16T05:51:35.413Z,0,20.64,50,OK
2026-02-16T05:51:35.463Z,0,20.24,50,OK
2026-02-16T05:51:35.513Z,0,20.65,50,OK
2026-02-16T05:51:35.564Z,0,20.23,50,OK
2026-02-16T05:51:35.614Z,0,20.16,50,OK
2026-02-16T05:51:35.665Z,0,20.31,50,OK
2026-02-16T05:51:35.715Z,0,20.05,50,OK
2026-02-16T05:51:35.766Z,0,20.62,50,OK
2026-02-16T05:51:35.817Z,0,20.74,50,OK
2026-02-16T05:51:35.867Z,0,20.36,50,OK
2026-02-16T05:51:35.917Z,0,20.65,50,OK
2026-02-16T05:51:35.968Z,0,20.32,50,OK
2026-02-16T05:51:36.019Z,0,20.29,50,OK
2026-02-16T05:51:36.070Z,0,20.54,50,OK
2026-02-16T05:51:36.119Z,0,20.14,50,OK
2026-02-16T05:51:36.170Z,0,20.54,50,OK
2026-02-16T05:51:36.220Z,0,20.11,50,OK
2026-02-16T05:51:36.270Z,0,20.41,50,OK
2026-02-16T05:51:36.321Z,0,20.42,50,OK
2026-02-16T05:51:36.371Z,0,20.53,50,OK
2026-02-16T05:51:36.422Z,0,20.29,50,OK
2026-02-16T05:51:36.473Z,0,20.29,50,OK
2026-02-16T05:51:36.523Z,0,20.26,50,OK
2026-02-16T05:51:36.574Z,0,20.21,50,OK
2026-02-16T05:51:36.624Z,0,20.23,50,OK
2026-02-16T05:51:36.674Z,0,20.64,50,OK
2026-02-16T05:51:36.724Z,0,20.52,50,OK
2026-02-16T05:51:36.774Z,0,20.63,50,OK
2026-02-16T05:51:36.825Z,0,19.52,50,OK
2026-02-16T05:51:36.875Z,0,20.35,50,OK
2026-02-16T05:51:36.925Z,0,19.69,50,OK
2026-02-16T05:51:36.976Z,0,20.44,50,OK
2026-02-16T05:51:37.027Z,0,20.62,50,OK
2026-02-16T05:51:37.078Z,0,20.47,50,OK
2026-02-16T05:51:37.128Z,0,20.06,50,OK
2026-02-16T05:51:37.179Z,0,20.22,50,OK
2026-02-16T05:51:37.230Z,0,20.72,50,OK
2026-02-16T05:51:37.281Z,0,20.24,50,OK
2026-02-16T05:51:37.330Z,0,20.52,50,OK
2026-02-16T05:51:37.380Z,0,21.54,50,OK
2026-02-16T05:51:37.431Z,0,20.64,50,OK
2026-02-16T05:51:37.481Z,0,20.18,50,OK
2026-02-16T05:51:37.532Z,0,21.12,50,OK
2026-02-16T05:51:37.582Z,0,20.28,50,OK
2026-02-16T05:51:37.632Z,0,20.79,50,OK
2026-02-16T05:51:37.682Z,0,20.55,50,OK
2026-02-16T05:51:37.732Z,0,20.68,50,OK
2026-02-16T05:51:37.783Z,0,20.49,50,OK
2026-02-16T05:51:37.834Z,0,20.12,50,OK
2026-02-16T05:51:37.885Z,0,20.39,50,OK
2026-02-16T05:51:37.935Z,0,19.86,50,OK
2026-02-16T05:51:37.987Z,0,20.18,50,OK
2026-02-16T05:51:38.037Z,0,19.79,50,OK
2026-02-16T05:51:38.088Z,0,20.21,50,OK
2026-02-16T05:51:38.138Z,0,20.55,50,OK
2026-02-16T05:51:38.188Z,0,20.23,50,OK
2026-02-16T05:51:38.238Z,0,19.80,50,OK
2026-02-16T05:51:38.289Z,0,20.81,50,OK
2026-02-16T05:51:38.340Z,0,20.65,50,OK
2026-02-16T05:51:38.390Z,0,20.75,50,OK
2026-02-16T05:51:38.440Z,0,21.27,50,OK
2026-02-16T05:51:38.491Z,0,20.47,50,OK
2026-02-16T05:51:38.541Z,0,20.72,50,OK
2026-02-16T05:51:38.592Z,0,20.19,50,OK
2026-02-16T05:51:38.643Z,0,20.11,50,OK
2026-02-16T05:51:38.693Z,0,20.47,50,OK
2026-02-16T05:51:38.750Z,0,33.96,50,OK
2026-02-16T05:51:38.801Z,0,20.19,50,OK
2026-02-16T05:51:38.852Z,0,20.70,50,OK
2026-02-16T05:51:38.902Z,0,20.44,50,OK
2026-02-16T05:51:38.952Z,0,20.73,50,OK
2026-02-16T05:51:39.003Z,0,20.18,50,OK
2026-02-16T05:51:39.053Z,0,20.21,50,OK
2026-02-16T05:51:39.103Z,0,20.24,50,OK
2026-02-16T05:51:39.153Z,0,20.23,50,OK
2026-02-16T05:51:39.203Z,0,20.49,50,OK
2026-02-16T05:51:39.254Z,0,20.44,50,OK
2026-02-16T05:51:39.303Z,0,20.36,50,OK
2026-02-16T05:51:39.354Z,0,21.91,50,OK
2026-02-16T05:51:39.404Z,0,20.40,50,OK
2026-02-16T05:51:39.455Z,0,19.77,50,OK
2026-02-16T05:51:39.506Z,0,20.49,50,OK
2026-02-16T05:51:39.555Z,0,20.08,50,OK
2026-02-16T05:51:39.605Z,0,20.45,50,OK
2026-02-16T05:51:39.656Z,0,20.05,50,OK
2026-02-16T05:51:39.706Z,0,20.23,50,OK
2026-02-16T05:51:39.757Z,1,20.01,50,OK
2026-02-16T05:51:39.808Z,0,20.32,50,OK
2026-02-16T05:51:39.859Z,0,20.26,50,OK
2026-02-16T05:51:39.910Z,0,20.35,50,OK
2026-02-16T05:51:39.960Z,0,20.26,50,OK
2026-02-16T05:51:40.010Z,0,20.38,50,OK
2026-02-16T05:51:40.060Z,0,20.34,50,OK
2026-02-16T05:51:40.110Z,0,20.37,50,OK
2026-02-16T05:51:40.161Z,0,20.54,50,OK
2026-02-16T05:51:40.211Z,0,20.35,50,OK
2026-02-16T05:51:40.262Z,0,20.37,50,OK
2026-02-16T05:51:40.313Z,0,20.54,50,OK
2026-02-16T05:51:40.363Z,0,19.93,50,OK
2026-02-16T05:51:40.413Z,0,20.32,50,OK
2026-02-16T05:51:40.464Z,0,20.49,50,OK
2026-02-16T05:51:40.514Z,0,20.47,50,OK
2026-02-16T05:51:40.565Z,0,20.64,50,OK
2026-02-16T05:51:40.616Z,0,20.24,50,OK
2026-02-16T05:51:40.666Z,0,20.46,50,OK
2026-02-16T05:51:40.716Z,0,20.32,50,OK
2026-02-16T05:51:40.903Z,0,20.62,50,OK
2026-02-16T05:51:40.954Z,0,20.00,50,OK
2026-02-16T05:51:41.005Z,0,20.09,50,OK
2026-02-16T05:51:41.056Z,0,20.29,50,OK
2026-02-16T05:51:41.106Z,0,20.68,50,OK
2026-02-16T05:51:41.157Z,0,20.42,50,OK
2026-02-16T05:51:41.207Z,0,20.34,50,OK
2026-02-16T05:51:41.257Z,0,20.59,50,OK
2026-02-16T05:51:41.308Z,0,20.32,50,OK
2026-02-16T05:51:41.360Z,1,20.31,50,OK
2026-02-16T05:51:41.410Z,0,20.34,50,OK
2026-02-16T05:51:41.460Z,0,20.25,50,OK
2026-02-16T05:51:41.510Z,0,20.34,50,OK
2026-02-16T05:51:41.561Z,1,21.01,50,OK
2026-02-16T05:51:41.612Z,1,20.18,50,OK
2026-02-16T05:51:41.663Z,1,20.23,50,OK
2026-02-16T05:51:41.713Z,1,20.36,50,OK
2026-02-16T05:51:41.764Z,1,20.07,50,OK
2026-02-16T05:51:41.814Z,1,20.31,50,OK
2026-02-16T05:51:41.864Z,1,20.35,50,OK
2026-02-16T05:51:41.914Z,1,20.23,50,OK
2026-02-16T05:51:41.964Z,1,20.14,50,OK
2026-02-16T05:51:42.015Z,1,20.41,50,OK
2026-02-16T05:51:42.065Z,1,20.40,50,OK
2026-02-16T05:51:42.115Z,1,20.67,50,OK
2026-02-16T05:51:42.317Z,1,194.71,50,OK
2026-02-16T05:51:42.369Z,2,20.19,50,OK
2026-02-16T05:51:42.419Z,1,20.26,50,OK
2026-02-16T05:51:42.470Z,1,20.21,50,OK
2026-02-16T05:51:42.520Z,1,19.98,50,OK
2026-02-16T05:51:42.570Z,1,20.31,50,OK
2026-02-16T05:51:42.620Z,1,20.28,50,OK
2026-02-16T05:51:42.670Z,1,20.20,50,OK
2026-02-16T05:51:42.720Z,1,20.37,50,OK
2026-02-16T05:51:42.770Z,1,22.47,50,OK
2026-02-16T05:51:42.822Z,1,20.37,50,OK
2026-02-16T05:51:42.872Z,1,20.47,50,OK
2026-02-16T05:51:42.925Z,1,20.36,50,OK
2026-02-16T05:51:42.975Z,1,20.29,50,OK
2026-02-16T05:51:43.025Z,1,19.37,50,OK
2026-02-16T05:51:43.075Z,1,20.41,50,OK
2026-02-16T05:51:43.126Z,1,20.36,50,OK
2026-02-16T05:51:43.176Z,1,20.28,50,OK
2026-02-16T05:51:43.226Z,1,20.42,50,OK
2026-02-16T05:51:43.276Z,1,20.21,50,OK
2026-02-16T05:51:43.328Z,1,20.36,50,OK
2026-02-16T05:51:43.546Z,1,20.24,50,OK
2026-02-16T05:51:43.597Z,0,19.91,50,OK
2026-02-16T05:51:43.647Z,0,20.57,50,OK
2026-02-16T05:51:43.697Z,0,20.47,50,OK
2026-02-16T05:51:43.748Z,0,20.46,50,OK
2026-02-16T05:51:43.799Z,0,20.23,50,OK
2026-02-16T05:51:43.849Z,0,20.32,50,OK
2026-02-16T05:51:43.900Z,0,20.30,50,OK
2026-02-16T05:51:43.951Z,0,19.32,50,OK
2026-02-16T05:51:44.002Z,0,20.77,50,OK
2026-02-16T05:51:44.052Z,0,20.39,50,OK
2026-02-16T05:51:44.102Z,0,20.32,50,OK
2026-02-16T05:51:44.152Z,0,20.18,50,OK
2026-02-16T05:51:44.202Z,0,20.33,50,OK
2026-02-16T05:51:44.253Z,0,20.34,50,OK
2026-02-16T05:51:44.303Z,0,20.37,50,OK
2026-02-16T05:51:44.354Z,1,27.96,50,OK
2026-02-16T05:51:44.405Z,0,20.21,50,OK
2026-02-16T05:51:44.455Z,0,19.98,50,OK
2026-02-16T05:51:44.505Z,0,20.47,50,OK
2026-02-16T05:51:44.558Z,2,22.62,50,OK
2026-02-16T05:51:44.608Z,1,20.36,50,OK
2026-02-16T05:51:44.659Z,1,20.36,50,OK
2026-02-16T05:51:44.710Z,1,20.36,50,OK
2026-02-16T05:51:44.762Z,2,20.50,50,OK
2026-02-16T05:51:44.813Z,1,20.09,50,OK
2026-02-16T05:51:44.863Z,1,20.00,50,OK
2026-02-16T05:51:44.914Z,1,20.39,50,OK
2026-02-16T05:51:44.967Z,3,19.91,50,OK
2026-02-16T05:51:45.017Z,2,20.47,50,OK
2026-02-16T05:51:45.067Z,2,19.93,50,OK
2026-02-16T05:51:45.117Z,2,20.18,50,OK
2026-02-16T05:51:45.167Z,2,20.55,50,OK
2026-02-16T05:51:45.217Z,2,20.54,50,OK
2026-02-16T05:51:45.267Z,2,20.64,50,OK
2026-02-16T05:51:45.318Z,2,20.34,50,OK
2026-02-16T05:51:45.368Z,3,22.04,50,OK
2026-02-16T05:51:45.418Z,2,20.59,50,OK
2026-02-16T05:51:45.468Z,2,20.50,50,OK
2026-02-16T05:51:45.519Z,2,20.53,50,OK
2026-02-16T05:51:45.571Z,3,20.36,50,OK
2026-02-16T05:51:45.622Z,3,20.28,50,OK
2026-02-16T05:51:45.672Z,3,20.46,50,OK
2026-02-16T05:51:45.722Z,3,20.37,50,OK
2026-02-16T05:51:45.774Z,3,20.37,50,OK
2026-02-16T05:51:45.825Z,3,20.45,50,OK
2026-02-16T05:51:45.875Z,3,20.44,50,OK
2026-02-16T05:51:45.926Z,4,20.58,50,OK
2026-02-16T05:51:45.976Z,4,20.16,50,OK
2026-02-16T05:51:46.026Z,4,20.63,50,OK
2026-02-16T05:51:46.077Z,4,20.08,50,OK
2026-02-16T05:51:46.127Z,4,20.28,50,OK
2026-02-16T05:51:46.177Z,4,20.42,50,OK
2026-02-16T05:51:46.228Z,4,20.34,50,OK
2026-02-16T05:51:46.278Z,4,21.15,50,OK
2026-02-16T05:51:46.329Z,4,20.55,50,OK
2026-02-16T05:51:46.485Z,4,107.00,50,OK
2026-02-16T05:51:46.535Z,4,21.36,50,OK
2026-02-16T05:51:46.585Z,3,20.26,50,OK
2026-02-16T05:51:46.636Z,3,20.19,50,OK
2026-02-16T05:51:46.687Z,3,20.44,50,OK
2026-02-16T05:51:46.737Z,3,20.37,50,OK
2026-02-16T05:51:46.787Z,4,20.37,50,OK
2026-02-16T05:51:46.837Z,4,20.55,50,OK
2026-02-16T05:51:46.888Z,4,20.54,50,OK
2026-02-16T05:51:46.939Z,4,20.43,50,OK
2026-02-16T05:51:46.988Z,3,19.96,50,OK
2026-02-16T05:51:47.038Z,3,20.63,50,OK
2026-02-16T05:51:47.089Z,3,20.28,50,OK
2026-02-16T05:51:47.140Z,3,20.30,50,OK
2026-02-16T05:51:47.190Z,3,20.24,50,OK
2026-02-16T05:51:47.240Z,3,20.19,50,OK
2026-02-16T05:51:47.291Z,3,20.37,50,OK
2026-02-16T05:51:47.340Z,3,20.21,50,OK
2026-02-16T05:51:47.390Z,3,20.29,50,OK
2026-02-16T05:51:47.441Z,3,20.26,50,OK
2026-02-16T05:51:47.491Z,4,19.96,50,OK
2026-02-16T05:51:47.542Z,3,20.36,50,OK
2026-02-16T05:51:47.592Z,2,20.76,50,OK
2026-02-16T05:51:47.642Z,2,20.50,50,OK
2026-02-16T05:51:47.692Z,2,20.28,50,OK
2026-02-16T05:51:47.743Z,2,20.00,50,OK
2026-02-16T05:51:47.792Z,3,20.40,50,OK
2026-02-16T05:51:47.842Z,2,20.37,50,OK
2026-02-16T05:51:47.893Z,2,20.41,50,OK
2026-02-16T05:51:47.945Z,3,19.88,50,OK
2026-02-16T05:51:47.995Z,2,20.49,50,OK
2026-02-16T05:51:48.046Z,2,20.52,50,OK
2026-02-16T05:51:48.096Z,2,20.33,50,OK
2026-02-16T05:51:48.147Z,2,20.24,50,OK
2026-02-16T05:51:48.197Z,2,20.53,50,OK
2026-02-16T05:51:48.247Z,2,20.34,50,OK
2026-02-16T05:51:48.298Z,2,20.57,50,OK
2026-02-16T05:51:48.349Z,2,20.47,50,OK
2026-02-16T05:51:48.400Z,2,20.08,50,OK
2026-02-16T05:51:48.451Z,2,20.54,50,OK
2026-02-16T05:51:48.502Z,3,20.05,50,OK
2026-02-16T05:51:48.552Z,2,20.23,50,OK
2026-02-16T05:51:48.738Z,3,20.28,50,OK
2026-02-16T05:51:48.789Z,2,20.11,50,OK
2026-02-16T05:51:48.840Z,2,20.04,50,OK
2026-02-16T05:51:48.890Z,2,20.26,50,OK
2026-02-16T05:51:48.940Z,2,20.05,50,OK
2026-02-16T05:51:48.991Z,3,20.55,50,OK
2026-02-16T05:51:49.041Z,2,20.72,50,OK
2026-02-16T05:51:49.092Z,2,20.39,50,OK
2026-02-16T05:51:49.141Z,2,20.44,50,OK
2026-02-16T05:51:49.191Z,2,19.90,50,OK
2026-02-16T05:51:49.241Z,2,20.37,50,OK
2026-02-16T05:51:49.291Z,2,20.48,50,OK
2026-02-16T05:51:49.341Z,2,20.41,50,OK
2026-02-16T05:51:49.391Z,2,20.37,50,OK
2026-02-16T05:51:49.441Z,2,20.19,50,OK
2026-02-16T05:51:49.491Z,2,20.31,50,OK
2026-02-16T05:51:49.542Z,3,20.18,50,OK
2026-02-16T05:51:49.592Z,3,20.68,50,OK
2026-02-16T05:51:49.643Z,3,20.41,50,OK
2026-02-16T05:51:49.694Z,3,19.82,50,OK
2026-02-16T05:51:49.747Z,3,20.52,50,OK
2026-02-16T05:51:49.798Z,3,20.89,50,OK
2026-02-16T05:51:49.849Z,3,20.13,50,OK
2026-02-16T05:51:49.900Z,3,20.37,50,OK
2026-02-16T05:51:49.952Z,3,20.24,50,OK
2026-02-16T05:51:50.002Z,3,19.96,50,OK
2026-02-16T05:51:50.052Z,2,20.09,50,OK
2026-02-16T05:51:50.102Z,2,20.35,50,OK
2026-02-16T05:51:50.152Z,3,20.08,50,OK
2026-02-16T05:51:50.203Z,3,20.35,50,OK
2026-02-16T05:51:50.254Z,3,20.52,50,OK
2026-02-16T05:51:50.305Z,3,20.27,50,OK
2026-02-16T05:51:50.356Z,3,20.55,50,OK
2026-02-16T05:51:50.407Z,3,20.28,50,OK
2026-02-16T05:51:50.458Z,3,20.54,50,OK
2026-02-16T05:51:50.508Z,3,20.41,50,OK
2026-02-16T05:51:50.558Z,5,20.05,50,OK
2026-02-16T05:51:50.609Z,4,20.52,50,OK
2026-02-16T05:51:50.658Z,4,20.41,50,OK
2026-02-16T05:51:50.708Z,4,20.29,50,OK
2026-02-16T05:51:50.759Z,4,20.72,50,OK
2026-02-16T05:51:50.809Z,4,20.47,50,OK
2026-02-16T05:51:50.859Z,4,20.88,50,OK
2026-02-16T05:51:50.910Z,4,20.23,50,OK
2026-02-16T05:51:50.960Z,5,20.50,50,OK
2026-02-16T05:51:51.165Z,5,20.41,50,OK
2026-02-16T05:51:51.215Z,4,19.88,50,OK
2026-02-16T05:51:51.266Z,4,20.21,50,OK
2026-02-16T05:51:51.316Z,4,20.52,50,OK
2026-02-16T05:51:51.434Z,4,68.00,50,OK
2026-02-16T05:51:51.484Z,4,20.19,50,OK
2026-02-16T05:51:51.534Z,3,20.31,50,OK
2026-02-16T05:51:51.584Z,3,21.78,50,OK
2026-02-16T05:51:51.635Z,3,20.05,50,OK
2026-02-16T05:51:51.685Z,3,20.20,50,OK
2026-02-16T05:51:51.856Z,3,20.23,50,OK
2026-02-16T05:51:51.906Z,3,20.02,50,OK
2026-02-16T05:51:51.956Z,4,20.47,50,OK
2026-02-16T05:51:52.007Z,4,20.80,50,OK
2026-02-16T05:51:52.057Z,4,20.39,50,OK
2026-02-16T05:51:52.107Z,4,20.30,50,OK
2026-02-16T05:51:52.158Z,3,20.19,50,OK
2026-02-16T05:51:52.271Z,4,111.25,50,OK
2026-02-16T05:51:52.400Z,5,79.00,50,OK
2026-02-16T05:51:52.451Z,3,20.96,50,OK
2026-02-16T05:51:52.502Z,3,20.21,50,OK
2026-02-16T05:51:52.552Z,1,20.49,50,OK
2026-02-16T05:51:52.603Z,1,23.09,50,OK
2026-02-16T05:51:52.654Z,1,20.32,50,OK
2026-02-16T05:51:52.704Z,1,20.36,50,OK
2026-02-16T05:51:52.754Z,1,20.31,50,OK
2026-02-16T05:51:52.804Z,1,20.49,50,OK
2026-02-16T05:51:52.855Z,1,20.46,50,OK
2026-02-16T05:51:52.905Z,2,20.59,50,OK
2026-02-16T05:51:52.955Z,2,20.60,50,OK
2026-02-16T05:51:53.115Z,2,79.12,50,OK
2026-02-16T05:51:53.166Z,2,20.18,50,OK
2026-02-16T05:51:53.217Z,2,20.59,50,OK
2026-02-16T05:51:53.268Z,2,20.48,50,OK
2026-02-16T05:51:53.318Z,2,20.13,50,OK
2026-02-16T05:51:53.368Z,2,20.55,50,OK
2026-02-16T05:51:53.418Z,2,20.23,50,OK
2026-02-16T05:51:53.594Z,2,87.24,50,OK
2026-02-16T05:51:53.838Z,8,194.00,50,OK
2026-02-16T05:51:53.950Z,4,62.00,50,OK
2026-02-16T05:51:54.064Z,8,64.00,50,OK
2026-02-16T05:51:54.115Z,2,20.34,50,OK
2026-02-16T05:51:54.167Z,3,20.15,50,OK
2026-02-16T05:51:54.218Z,2,20.54,50,OK
2026-02-16T05:51:54.269Z,2,20.37,50,OK
2026-02-16T05:51:54.319Z,3,20.28,50,OK
2026-02-16T05:51:54.370Z,4,20.41,50,OK
2026-02-16T05:51:54.561Z,6,20.39,50,OK
2026-02-16T05:51:54.612Z,4,21.10,50,OK
2026-02-16T05:51:54.662Z,4,20.39,50,OK
2026-02-16T05:51:54.713Z,5,20.32,50,OK
2026-02-16T05:51:54.763Z,5,20.37,50,OK
2026-02-16T05:51:54.813Z,5,20.31,50,OK
2026-02-16T05:51:54.984Z,5,156.43,50,OK
2026-02-16T05:51:55.095Z,10,62.00,50,OK
2026-02-16T05:51:55.362Z,12,267.32,50,OK
2026-02-16T05:51:55.413Z,8,20.47,50,OK
2026-02-16T05:51:55.463Z,8,20.39,50,OK
2026-02-16T05:51:55.514Z,8,20.23,50,OK
2026-02-16T05:51:55.565Z,9,20.50,50,OK
2026-02-16T05:51:55.617Z,8,20.72,50,OK
2026-02-16T05:51:55.666Z,8,20.49,50,OK
2026-02-16T05:51:55.714Z,8,20.28,50,OK
2026-02-16T05:51:55.764Z,8,20.44,50,OK
2026-02-16T05:51:55.815Z,8,20.44,50,OK
2026-02-16T05:51:55.866Z,8,20.23,50,OK
2026-02-16T05:51:55.916Z,8,20.23,50,OK
2026-02-16T05:51:55.966Z,8,20.54,50,OK
2026-02-16T05:51:56.016Z,9,20.05,50,OK
2026-02-16T05:51:56.067Z,8,20.54,50,OK
2026-02-16T05:51:56.117Z,8,20.10,50,OK
2026-02-16T05:51:56.167Z,9,20.46,50,OK
2026-02-16T05:51:56.218Z,9,20.28,50,OK
2026-02-16T05:51:56.269Z,9,20.70,50,OK
2026-02-16T05:51:56.319Z,8,20.38,50,OK
2026-02-16T05:51:56.507Z,7,20.41,50,OK
2026-02-16T05:51:56.611Z,13,102.99,50,OK
2026-02-16T05:51:56.662Z,8,20.41,50,OK
2026-02-16T05:51:56.713Z,7,20.49,50,OK
2026-02-16T05:51:56.763Z,8,19.98,50,OK
2026-02-16T05:51:56.813Z,8,20.47,50,OK
2026-02-16T05:51:56.863Z,8,20.54,50,OK
2026-02-16T05:51:56.914Z,8,20.29,50,OK
2026-02-16T05:51:56.965Z,8,20.34,50,OK
2026-02-16T05:51:57.015Z,8,20.32,50,OK
2026-02-16T05:51:57.065Z,8,20.53,50,OK
2026-02-16T05:51:57.116Z,8,20.46,50,OK
2026-02-16T05:51:57.167Z,8,20.50,50,OK
2026-02-16T05:51:57.217Z,8,20.59,50,OK
2026-02-16T05:51:57.267Z,7,20.07,50,OK
2026-02-16T05:51:57.317Z,7,20.29,50,OK
2026-02-16T05:51:57.367Z,6,20.17,50,OK
2026-02-16T05:51:57.417Z,6,20.59,50,OK
2026-02-16T05:51:57.467Z,6,20.28,50,OK
2026-02-16T05:51:57.518Z,6,20.36,50,OK
2026-02-16T05:51:57.568Z,6,20.32,50,OK
2026-02-16T05:51:57.748Z,7,20.34,50,OK
2026-02-16T05:51:57.917Z,15,169.02,50,OK
2026-02-16T05:51:57.968Z,6,20.24,50,OK
2026-02-16T05:51:58.017Z,5,20.85,50,OK
2026-02-16T05:51:58.067Z,5,20.18,50,OK
2026-02-16T05:51:58.117Z,6,19.55,50,OK
2026-02-16T05:51:58.167Z,4,20.51,50,OK
2026-02-16T05:51:58.218Z,4,20.31,50,OK
2026-02-16T05:51:58.356Z,4,66.60,50,OK
2026-02-16T05:51:58.586Z,7,180.00,50,OK
2026-02-16T05:51:58.739Z,5,103.00,50,OK
2026-02-16T05:51:58.789Z,2,20.26,50,OK
2026-02-16T05:51:58.839Z,2,20.32,50,OK
2026-02-16T05:51:58.890Z,2,20.26,50,OK
2026-02-16T05:51:58.950Z,8,20.18,50,OK
2026-02-16T05:51:59.000Z,3,20.70,50,OK
2026-02-16T05:51:59.051Z,3,20.39,50,OK
2026-02-16T05:51:59.104Z,3,20.39,50,OK
2026-02-16T05:51:59.155Z,2,20.14,50,OK
2026-02-16T05:51:59.205Z,2,20.35,50,OK
2026-02-16T05:51:59.256Z,2,20.50,50,OK
2026-02-16T05:51:59.305Z,1,20.59,50,OK
2026-02-16T05:51:59.356Z,1,20.37,50,OK
2026-02-16T05:51:59.407Z,1,20.11,50,OK
2026-02-16T05:51:59.458Z,1,20.26,50,OK
2026-02-16T05:51:59.508Z,1,20.14,50,OK
2026-02-16T05:51:59.558Z,1,20.24,50,OK
2026-02-16T05:51:59.609Z,2,20.19,50,OK
2026-02-16T05:51:59.659Z,2,20.34,50,OK
2026-02-16T05:51:59.710Z,2,20.42,50,OK
2026-02-16T05:51:59.763Z,4,19.90,50,OK
2026-02-16T05:51:59.813Z,3,20.52,50,OK
2026-02-16T05:51:59.863Z,3,20.31,50,OK
2026-02-16T05:51:59.913Z,3,20.20,50,OK
2026-02-16T05:51:59.969Z,5,20.50,50,OK
2026-02-16T05:52:00.019Z,4,20.24,50,OK
2026-02-16T05:52:00.069Z,4,20.37,50,OK
2026-02-16T05:52:00.234Z,4,82.24,50,OK
2026-02-16T05:52:00.339Z,9,55.00,50,OK
2026-02-16T05:52:00.462Z,6,73.00,50,OK
2026-02-16T05:52:00.577Z,6,65.00,50,OK
2026-02-16T05:52:00.627Z,5,20.34,50,OK
2026-02-16T05:52:00.677Z,5,20.23,50,OK
2026-02-16T05:52:00.727Z,5,20.36,50,OK
2026-02-16T05:52:00.950Z,6,209.78,50,OK
2026-02-16T05:52:01.079Z,5,107.18,50,OK
2026-02-16T05:52:01.130Z,4,20.16,50,OK
2026-02-16T05:52:01.180Z,4,20.19,50,OK
2026-02-16T05:52:01.230Z,4,20.19,50,OK
2026-02-16T05:52:01.280Z,4,20.11,50,OK
2026-02-16T05:52:01.330Z,4,20.37,50,OK
2026-02-16T05:52:01.380Z,4,20.19,50,OK
2026-02-16T05:52:01.431Z,4,20.28,50,OK
2026-02-16T05:52:01.601Z,6,156.30,50,OK
2026-02-16T05:52:01.743Z,10,92.00,50,OK
2026-02-16T05:52:01.793Z,3,20.91,50,OK
2026-02-16T05:52:01.844Z,3,20.18,50,OK
2026-02-16T05:52:01.895Z,3,20.33,50,OK
2026-02-16T05:52:01.946Z,3,19.54,50,OK
2026-02-16T05:52:02.099Z,4,103.00,50,OK
2026-02-16T05:52:02.435Z,14,286.00,50,OK
2026-02-16T05:52:02.560Z,8,75.00,50,OK
2026-02-16T05:52:02.610Z,5,20.31,50,OK
2026-02-16T05:52:02.661Z,2,20.26,50,OK
2026-02-16T05:52:02.711Z,2,20.28,50,OK
2026-02-16T05:52:02.883Z,3,19.60,50,OK
2026-02-16T05:52:02.934Z,3,19.96,50,OK
2026-02-16T05:52:02.985Z,3,20.32,50,OK
2026-02-16T05:52:03.036Z,3,20.23,50,OK
2026-02-16T05:52:03.086Z,3,20.00,50,OK
2026-02-16T05:52:03.136Z,3,20.68,50,OK
2026-02-16T05:52:03.187Z,3,20.19,50,OK
2026-02-16T05:52:03.237Z,3,20.26,50,OK
2026-02-16T05:52:03.288Z,3,20.10,50,OK
2026-02-16T05:52:03.337Z,3,20.47,50,OK
2026-02-16T05:52:03.388Z,3,20.37,50,OK
2026-02-16T05:52:03.440Z,3,21.23,50,OK
2026-02-16T05:52:03.491Z,3,20.23,50,OK
2026-02-16T05:52:03.542Z,3,20.80,50,OK
2026-02-16T05:52:03.848Z,4,293.99,50,OK
2026-02-16T05:52:04.322Z,15,424.00,50,OK
2026-02-16T05:52:04.466Z,17,93.00,50,OK
2026-02-16T05:52:04.906Z,9,391.00,50,OK
2026-02-16T05:52:05.082Z,2,126.00,50,OK
2026-02-16T05:52:05.229Z,2,97.00,50,OK
2026-02-16T05:52:05.280Z,1,20.42,50,OK
2026-02-16T05:52:05.330Z,3,20.23,50,OK
2026-02-16T05:52:05.380Z,1,20.32,50,OK
2026-02-16T05:52:05.431Z,1,20.39,50,OK
2026-02-16T05:52:05.617Z,2,90.62,50,OK
2026-02-16T05:52:05.758Z,12,91.00,50,OK
2026-02-16T05:52:05.910Z,3,19.55,50,OK
2026-02-16T05:52:05.960Z,3,20.76,50,OK
2026-02-16T05:52:06.011Z,3,20.50,50,OK
2026-02-16T05:52:06.062Z,3,20.37,50,OK
2026-02-16T05:52:06.113Z,3,20.70,50,OK
2026-02-16T05:52:06.164Z,3,20.32,50,OK
2026-02-16T05:52:06.215Z,3,20.39,50,OK
2026-02-16T05:52:06.361Z,3,72.41,50,OK
2026-02-16T05:52:06.471Z,9,60.00,50,OK
2026-02-16T05:52:06.521Z,4,20.13,50,OK
2026-02-16T05:52:06.571Z,4,20.18,50,OK
2026-02-16T05:52:06.621Z,7,20.01,50,OK
2026-02-16T05:52:06.672Z,5,20.16,50,OK
2026-02-16T05:52:06.722Z,5,20.28,50,OK
2026-02-16T05:52:06.790Z,13,22.60,50,OK
2026-02-16T05:52:06.840Z,6,20.10,50,OK
2026-02-16T05:52:06.891Z,6,20.19,50,OK
2026-02-16T05:52:07.057Z,12,82.63,50,OK
2026-02-16T05:52:07.108Z,5,20.14,50,OK
2026-02-16T05:52:07.158Z,5,20.37,50,OK
2026-02-16T05:52:07.209Z,5,20.49,50,OK
2026-02-16T05:52:07.259Z,5,20.44,50,OK
2026-02-16T05:52:07.310Z,5,20.83,50,OK
2026-02-16T05:52:07.360Z,5,20.36,50,OK
2026-02-16T05:52:07.411Z,5,20.66,50,OK
2026-02-16T05:52:07.460Z,5,20.55,50,OK
2026-02-16T05:52:07.510Z,6,28.91,50,OK
2026-02-16T05:52:07.561Z,6,20.31,50,OK
2026-02-16T05:52:07.611Z,6,20.54,50,OK
2026-02-16T05:52:07.662Z,5,20.05,50,OK
2026-02-16T05:52:07.712Z,5,20.36,50,OK
2026-02-16T05:52:07.762Z,4,20.68,50,OK
2026-02-16T05:52:07.816Z,9,22.57,50,OK
2026-02-16T05:52:07.866Z,7,20.30,50,OK
2026-02-16T05:52:07.917Z,7,20.42,50,OK
2026-02-16T05:52:07.968Z,7,20.22,50,OK
2026-02-16T05:52:08.019Z,7,19.77,50,OK
2026-02-16T05:52:08.073Z,9,20.76,50,OK
2026-02-16T05:52:08.124Z,9,19.98,50,OK
2026-02-16T05:52:08.175Z,8,20.60,50,OK
2026-02-16T05:52:08.226Z,8,20.36,50,OK
2026-02-16T05:52:08.277Z,8,22.34,50,OK
2026-02-16T05:52:08.327Z,8,20.41,50,OK
2026-02-16T05:52:08.517Z,8,20.44,50,OK
2026-02-16T05:52:08.816Z,15,297.66,50,OK
2026-02-16T05:52:08.947Z,11,80.00,50,OK
2026-02-16T05:52:08.998Z,9,20.23,50,OK
2026-02-16T05:52:09.048Z,9,19.92,50,OK
2026-02-16T05:52:09.202Z,9,134.41,50,OK
2026-02-16T05:52:09.405Z,17,153.00,50,OK
2026-02-16T05:52:09.455Z,9,20.19,50,OK
2026-02-16T05:52:09.506Z,8,19.21,50,OK
2026-02-16T05:52:09.557Z,8,20.27,50,OK
2026-02-16T05:52:09.607Z,8,20.42,50,OK
2026-02-16T05:52:09.657Z,8,20.75,50,OK
2026-02-16T05:52:09.707Z,8,20.24,50,OK
2026-02-16T05:52:09.757Z,8,20.41,50,OK
2026-02-16T05:52:09.808Z,6,20.41,50,OK
2026-02-16T05:52:09.961Z,11,135.86,50,OK
2026-02-16T05:52:10.266Z,14,255.00,50,OK
2026-02-16T05:52:10.317Z,7,20.23,50,OK
2026-02-16T05:52:10.368Z,7,20.21,50,OK
2026-02-16T05:52:10.424Z,12,21.10,50,OK
2026-02-16T05:52:10.611Z,12,137.00,50,OK
2026-02-16T05:52:10.751Z,9,90.00,50,OK
2026-02-16T05:52:10.801Z,6,20.93,50,OK
2026-02-16T05:52:10.853Z,7,20.68,50,OK
2026-02-16T05:52:10.904Z,5,20.22,50,OK
2026-02-16T05:52:10.955Z,5,20.33,50,OK
2026-02-16T05:52:11.120Z,9,115.00,50,OK
2026-02-16T05:52:11.170Z,5,20.28,50,OK
2026-02-16T05:52:11.221Z,5,20.26,50,OK
2026-02-16T05:52:11.272Z,5,20.50,50,OK
2026-02-16T05:52:11.380Z,7,58.00,50,OK
2026-02-16T05:52:11.519Z,7,118.59,50,OK
2026-02-16T05:52:11.570Z,7,20.18,50,OK
2026-02-16T05:52:11.624Z,9,22.41,50,OK
2026-02-16T05:52:11.674Z,8,20.16,50,OK
2026-02-16T05:52:11.725Z,8,20.60,50,OK
2026-02-16T05:52:11.778Z,8,20.94,50,OK
2026-02-16T05:52:11.830Z,10,20.55,50,OK
2026-02-16T05:52:11.958Z,9,127.96,50,OK
2026-02-16T05:52:12.098Z,13,90.00,50,OK
2026-02-16T05:52:12.148Z,8,21.48,50,OK
2026-02-16T05:52:12.198Z,8,20.59,50,OK
2026-02-16T05:52:12.248Z,8,20.49,50,OK
2026-02-16T05:52:12.299Z,8,20.34,50,OK
2026-02-16T05:52:12.348Z,8,20.33,50,OK
2026-02-16T05:52:12.517Z,9,21.16,50,OK
2026-02-16T05:52:12.638Z,9,120.09,50,OK
2026-02-16T05:52:12.689Z,8,20.29,50,OK
2026-02-16T05:52:12.739Z,8,20.65,50,OK
2026-02-16T05:52:12.789Z,10,20.77,50,OK
2026-02-16T05:52:12.840Z,9,20.44,50,OK
2026-02-16T05:52:12.984Z,9,142.80,50,OK
2026-02-16T05:52:13.034Z,10,20.28,50,OK
2026-02-16T05:52:13.085Z,10,20.52,50,OK
2026-02-16T05:52:13.271Z,12,184.88,50,OK
2026-02-16T05:52:13.584Z,20,263.00,50,OK
2026-02-16T05:52:13.634Z,9,0.00,50,OK
2026-02-16T05:52:13.684Z,10,20.18,50,OK
2026-02-16T05:52:13.735Z,10,20.54,50,OK
2026-02-16T05:52:13.785Z,10,21.41,50,OK
2026-02-16T05:52:13.927Z,11,92.00,50,OK
2026-02-16T05:52:13.977Z,10,20.41,50,OK
2026-02-16T05:52:14.118Z,11,91.00,50,OK
2026-02-16T05:52:14.169Z,9,19.89,50,OK
2026-02-16T05:52:14.219Z,9,20.26,50,OK
2026-02-16T05:52:14.269Z,9,20.45,50,OK
2026-02-16T05:52:14.319Z,9,20.21,50,OK
2026-02-16T05:52:14.369Z,9,20.42,50,OK
2026-02-16T05:52:14.419Z,9,20.11,50,OK
2026-02-16T05:52:14.470Z,9,20.28,50,OK
2026-02-16T05:52:14.521Z,9,20.26,50,OK
2026-02-16T05:52:14.571Z,8,20.39,50,OK
2026-02-16T05:52:14.719Z,12,133.40,50,OK
2026-02-16T05:52:14.846Z,30,78.00,50,OK
2026-02-16T05:52:14.897Z,10,19.75,50,OK
2026-02-16T05:52:15.072Z,12,20.19,50,OK
2026-02-16T05:52:15.122Z,9,20.22,50,OK
2026-02-16T05:52:15.173Z,9,20.21,50,OK
2026-02-16T05:52:15.223Z,9,20.45,50,OK
2026-02-16T05:52:15.274Z,9,20.42,50,OK
2026-02-16T05:52:15.325Z,10,19.95,50,OK
2026-02-16T05:52:15.375Z,10,20.41,50,OK
2026-02-16T05:52:15.561Z,10,93.08,50,OK
2026-02-16T05:52:15.611Z,9,19.51,50,OK
2026-02-16T05:52:15.662Z,8,20.50,50,OK
2026-02-16T05:52:15.712Z,8,20.52,50,OK
2026-02-16T05:52:15.873Z,9,111.00,50,OK
2026-02-16T05:52:16.121Z,30,198.00,50,OK
2026-02-16T05:52:16.253Z,22,82.00,50,OK
2026-02-16T05:52:16.303Z,11,19.88,50,OK
2026-02-16T05:52:16.353Z,11,20.18,50,OK
2026-02-16T05:52:16.403Z,11,20.26,50,OK
2026-02-16T05:52:16.453Z,11,20.17,50,OK
2026-02-16T05:52:16.503Z,11,20.19,50,OK
2026-02-16T05:52:16.553Z,11,20.19,50,OK
2026-02-16T05:52:16.711Z,10,20.21,50,OK
2026-02-16T05:52:16.761Z,9,20.02,50,OK
2026-02-16T05:52:16.811Z,9,20.21,50,OK
2026-02-16T05:52:16.862Z,7,20.38,50,OK
2026-02-16T05:52:16.912Z,7,20.08,50,OK
2026-02-16T05:52:16.962Z,7,20.55,50,OK
2026-02-16T05:52:17.012Z,7,19.85,50,OK
2026-02-16T05:52:17.063Z,7,20.33,50,OK
2026-02-16T05:52:17.114Z,7,20.34,50,OK
2026-02-16T05:52:17.164Z,6,20.48,50,OK
2026-02-16T05:52:17.214Z,6,20.54,50,OK
2026-02-16T05:52:17.365Z,7,74.75,50,OK
2026-02-16T05:52:17.589Z,25,174.00,50,OK
2026-02-16T05:52:17.713Z,10,74.00,50,OK
2026-02-16T05:52:17.763Z,10,20.19,50,OK
2026-02-16T05:52:17.814Z,10,20.19,50,OK
2026-02-16T05:52:17.980Z,11,83.06,50,OK
2026-02-16T05:52:18.030Z,10,20.23,50,OK
2026-02-16T05:52:18.080Z,10,20.19,50,OK
2026-02-16T05:52:18.237Z,8,20.73,50,OK
2026-02-16T05:52:18.287Z,6,20.20,50,OK
2026-02-16T05:52:18.338Z,6,20.26,50,OK
2026-02-16T05:52:18.388Z,6,19.87,50,OK
2026-02-16T05:52:18.439Z,6,20.26,50,OK
2026-02-16T05:52:18.489Z,6,20.34,50,OK
2026-02-16T05:52:18.539Z,6,20.18,50,OK
2026-02-16T05:52:18.590Z,7,20.74,50,OK
2026-02-16T05:52:18.641Z,9,22.16,50,OK
2026-02-16T05:52:18.691Z,9,20.14,50,OK
2026-02-16T05:52:18.741Z,11,20.46,50,OK
2026-02-16T05:52:18.791Z,11,20.19,50,OK
2026-02-16T05:52:18.842Z,11,20.24,50,OK
2026-02-16T05:52:18.892Z,11,20.28,50,OK
2026-02-16T05:52:18.943Z,11,20.18,50,OK
2026-02-16T05:52:19.117Z,12,84.32,50,OK
2026-02-16T05:52:19.231Z,13,64.00,50,OK
2026-02-16T05:52:19.281Z,15,19.77,50,OK
2026-02-16T05:52:19.332Z,15,20.19,50,OK
2026-02-16T05:52:19.382Z,15,20.38,50,OK
2026-02-16T05:52:19.432Z,15,20.26,50,OK
2026-02-16T05:52:19.483Z,14,21.09,50,OK
2026-02-16T05:52:19.533Z,13,20.32,50,OK
2026-02-16T05:52:19.583Z,13,20.42,50,OK
2026-02-16T05:52:19.634Z,15,20.65,50,OK
2026-02-16T05:52:19.684Z,14,20.19,50,OK
2026-02-16T05:52:19.828Z,16,20.42,50,OK
2026-02-16T05:52:19.878Z,14,19.42,50,OK
2026-02-16T05:52:19.929Z,14,20.21,50,OK
2026-02-16T05:52:19.979Z,14,20.07,50,OK
2026-02-16T05:52:20.030Z,14,20.59,50,OK
2026-02-16T05:52:20.081Z,14,20.12,50,OK
2026-02-16T05:52:20.260Z,15,20.18,50,OK
2026-02-16T05:52:20.468Z,16,207.81,50,OK
2026-02-16T05:52:20.789Z,18,271.00,50,OK
2026-02-16T05:52:21.008Z,25,169.00,50,OK
2026-02-16T05:52:21.058Z,9,20.26,50,OK
2026-02-16T05:52:21.108Z,9,20.31,50,OK
2026-02-16T05:52:21.159Z,8,20.87,50,OK
2026-02-16T05:52:21.210Z,8,20.29,50,OK
2026-02-16T05:52:21.261Z,8,20.11,50,OK
2026-02-16T05:52:21.312Z,5,20.32,50,OK
2026-02-16T05:52:21.362Z,5,20.32,50,OK
2026-02-16T05:52:21.413Z,5,20.21,50,OK
2026-02-16T05:52:21.463Z,5,20.19,50,OK
2026-02-16T05:52:21.581Z,5,68.00,50,OK
2026-02-16T05:52:21.631Z,3,20.73,50,OK
2026-02-16T05:52:21.681Z,3,20.21,50,OK
2026-02-16T05:52:21.732Z,2,21.10,50,OK
2026-02-16T05:52:21.782Z,2,20.44,50,OK
2026-02-16T05:52:21.832Z,2,23.93,50,OK
2026-02-16T05:52:21.883Z,2,20.34,50,OK
2026-02-16T05:52:22.028Z,2,137.17,50,OK
2026-02-16T05:52:22.364Z,24,286.00,50,OK
2026-02-16T05:52:22.415Z,6,20.01,50,OK
2026-02-16T05:52:22.466Z,6,20.23,50,OK
2026-02-16T05:52:22.516Z,6,20.43,50,OK
2026-02-16T05:52:22.566Z,6,20.46,50,OK
2026-02-16T05:52:22.617Z,6,20.05,50,OK
2026-02-16T05:52:22.667Z,6,19.91,50,OK
2026-02-16T05:52:22.718Z,5,20.31,50,OK
2026-02-16T05:52:22.768Z,5,20.36,50,OK
2026-02-16T05:52:22.962Z,6,92.80,50,OK
2026-02-16T05:52:23.012Z,5,19.55,50,OK
2026-02-16T05:52:23.063Z,5,19.80,50,OK
2026-02-16T05:52:23.114Z,5,20.20,50,OK
2026-02-16T05:52:23.164Z,5,20.13,50,OK
2026-02-16T05:52:23.215Z,5,20.37,50,OK
2026-02-16T05:52:23.265Z,5,19.89,50,OK
2026-02-16T05:52:23.434Z,5,119.00,50,OK
2026-02-16T05:52:23.798Z,29,314.00,50,OK
2026-02-16T05:52:23.848Z,12,19.51,50,OK
2026-02-16T05:52:23.898Z,12,20.52,50,OK
2026-02-16T05:52:23.948Z,12,20.32,50,OK
2026-02-16T05:52:24.120Z,12,155.91,50,OK
2026-02-16T05:52:24.373Z,16,203.00,50,OK
2026-02-16T05:52:24.489Z,9,66.00,50,OK
2026-02-16T05:52:24.539Z,8,20.16,50,OK
2026-02-16T05:52:24.589Z,8,20.80,50,OK
2026-02-16T05:52:24.640Z,8,20.38,50,OK
2026-02-16T05:52:24.690Z,9,20.31,50,OK
2026-02-16T05:52:24.741Z,8,20.35,50,OK
2026-02-16T05:52:24.791Z,8,20.54,50,OK
2026-02-16T05:52:25.128Z,14,331.22,50,OK
2026-02-16T05:52:25.266Z,24,88.00,50,OK
2026-02-16T05:52:25.401Z,8,85.00,50,OK
2026-02-16T05:52:25.452Z,3,21.18,50,OK
2026-02-16T05:52:25.637Z,6,20.47,50,OK
2026-02-16T05:52:25.686Z,1,19.60,50,OK
2026-02-16T05:52:25.736Z,1,19.93,50,OK
2026-02-16T05:52:25.787Z,1,20.31,50,OK
2026-02-16T05:52:25.837Z,0,20.41,50,OK
2026-02-16T05:52:25.888Z,0,20.28,50,OK
2026-02-16T05:52:25.937Z,0,20.31,50,OK
2026-02-16T05:52:25.988Z,0,20.53,50,OK
2026-02-16T05:52:26.038Z,0,20.37,50,OK
2026-02-16T05:52:26.089Z,0,20.36,50,OK
2026-02-16T05:52:26.139Z,1,20.62,50,OK
2026-02-16T05:52:26.190Z,0,20.32,50,OK
2026-02-16T05:52:26.241Z,0,20.36,50,OK
2026-02-16T05:52:26.402Z,2,78.79,50,OK
2026-02-16T05:52:26.622Z,15,170.00,50,OK
2026-02-16T05:52:26.746Z,6,100.70,50,OK
2026-02-16T05:52:26.872Z,7,76.00,50,OK
2026-02-16T05:52:26.923Z,3,20.14,50,OK
2026-02-16T05:52:26.974Z,4,20.24,50,OK
2026-02-16T05:52:27.024Z,4,20.26,50,OK
2026-02-16T05:52:27.170Z,4,132.09,50,OK
2026-02-16T05:52:27.219Z,4,20.23,50,OK
2026-02-16T05:52:27.270Z,4,20.24,50,OK
2026-02-16T05:52:27.320Z,4,20.50,50,OK
2026-02-16T05:52:27.369Z,4,20.44,50,OK
2026-02-16T05:52:27.420Z,6,20.13,50,OK
2026-02-16T05:52:27.471Z,4,20.34,50,OK
2026-02-16T05:52:27.521Z,4,20.28,50,OK
2026-02-16T05:52:27.571Z,4,20.46,50,OK
2026-02-16T05:52:27.621Z,4,20.37,50,OK
2026-02-16T05:52:27.802Z,17,131.00,50,OK
2026-02-16T05:52:27.852Z,10,19.91,50,OK
2026-02-16T05:52:27.902Z,11,22.65,50,OK
2026-02-16T05:52:27.953Z,11,20.36,50,OK
2026-02-16T05:52:28.003Z,11,19.96,50,OK
2026-02-16T05:52:28.054Z,11,20.16,50,OK
2026-02-16T05:52:28.104Z,11,20.34,50,OK
2026-02-16T05:52:28.155Z,11,20.42,50,OK
2026-02-16T05:52:28.205Z,11,19.90,50,OK
2026-02-16T05:52:28.256Z,13,20.42,50,OK
2026-02-16T05:52:28.306Z,14,20.08,50,OK
2026-02-16T05:52:28.357Z,14,20.23,50,OK
2026-02-16T05:52:28.408Z,14,20.21,50,OK
2026-02-16T05:52:28.569Z,13,160.24,50,OK
2026-02-16T05:52:28.746Z,16,128.00,50,OK
2026-02-16T05:52:28.858Z,21,62.00,50,OK
2026-02-16T05:52:28.997Z,27,89.00,50,OK
2026-02-16T05:52:29.116Z,23,69.00,50,OK
2026-02-16T05:52:29.167Z,14,19.81,50,OK
2026-02-16T05:52:29.217Z,15,20.23,50,OK
2026-02-16T05:52:29.267Z,14,20.00,50,OK
2026-02-16T05:52:29.317Z,14,20.32,50,OK
2026-02-16T05:52:29.368Z,14,20.52,50,OK
2026-02-16T05:52:29.418Z,15,20.54,50,OK
2026-02-16T05:52:29.468Z,15,20.41,50,OK
2026-02-16T05:52:29.520Z,15,20.32,50,OK
2026-02-16T05:52:29.570Z,15,20.34,50,OK
2026-02-16T05:52:29.620Z,15,20.50,50,OK
2026-02-16T05:52:29.671Z,13,20.71,50,OK
2026-02-16T05:52:29.721Z,13,20.34,50,OK
2026-02-16T05:52:29.771Z,13,20.66,50,OK
2026-02-16T05:52:29.821Z,9,21.37,50,OK
2026-02-16T05:52:29.876Z,9,23.17,50,OK
2026-02-16T05:52:29.926Z,8,20.19,50,OK
2026-02-16T05:52:29.977Z,8,20.13,50,OK
2026-02-16T05:52:30.260Z,8,282.72,50,OK
2026-02-16T05:52:30.507Z,30,197.00,50,OK
2026-02-16T05:52:30.557Z,6,21.09,50,OK
2026-02-16T05:52:30.608Z,6,20.03,50,OK
2026-02-16T05:52:30.738Z,6,64.65,50,OK
2026-02-16T05:52:30.789Z,6,20.96,50,OK
2026-02-16T05:52:30.839Z,7,19.47,50,OK
2026-02-16T05:52:30.988Z,5,74.37,50,OK
2026-02-16T05:52:31.039Z,4,20.13,50,OK
2026-02-16T05:52:31.089Z,4,20.13,50,OK
2026-02-16T05:52:31.139Z,4,20.10,50,OK
2026-02-16T05:52:31.189Z,4,20.32,50,OK
2026-02-16T05:52:31.238Z,4,20.41,50,OK
2026-02-16T05:52:31.371Z,4,119.50,50,OK
2026-02-16T05:52:31.493Z,4,72.00,50,OK
2026-02-16T05:52:31.745Z,15,234.03,50,OK
2026-02-16T05:52:31.867Z,5,72.00,50,OK
2026-02-16T05:52:32.025Z,8,108.00,50,OK
2026-02-16T05:52:32.075Z,6,20.14,50,OK
2026-02-16T05:52:32.126Z,6,20.35,50,OK
2026-02-16T05:52:32.177Z,6,19.82,50,OK
2026-02-16T05:52:32.228Z,6,20.77,50,OK
2026-02-16T05:52:32.278Z,6,20.41,50,OK
2026-02-16T05:52:32.329Z,6,20.28,50,OK
2026-02-16T05:52:32.380Z,5,19.65,50,OK
2026-02-16T05:52:32.430Z,5,20.07,50,OK
2026-02-16T05:52:32.481Z,5,20.28,50,OK
2026-02-16T05:52:32.646Z,6,157.22,50,OK
2026-02-16T05:52:32.782Z,12,86.00,50,OK
2026-02-16T05:52:33.125Z,22,293.00,50,OK
2026-02-16T05:52:33.566Z,17,391.00,50,OK
2026-02-16T05:52:33.617Z,8,20.32,50,OK
2026-02-16T05:52:33.668Z,8,22.50,50,OK
2026-02-16T05:52:33.719Z,8,20.79,50,OK
2026-02-16T05:52:33.770Z,7,20.72,50,OK
2026-02-16T05:52:33.820Z,8,21.21,50,OK
2026-02-16T05:52:33.871Z,8,20.46,50,OK
2026-02-16T05:52:33.920Z,8,20.77,50,OK
2026-02-16T05:52:33.971Z,8,20.52,50,OK
2026-02-16T05:52:34.022Z,8,21.22,50,OK
2026-02-16T05:52:34.073Z,6,19.88,50,OK
2026-02-16T05:52:34.123Z,6,20.20,50,OK
2026-02-16T05:52:34.174Z,9,20.00,50,OK
2026-02-16T05:52:34.225Z,9,20.21,50,OK
2026-02-16T05:52:34.274Z,9,20.46,50,OK
2026-02-16T05:52:34.325Z,9,20.19,50,OK
2026-02-16T05:52:34.375Z,9,20.23,50,OK
2026-02-16T05:52:34.425Z,9,20.19,50,OK
2026-02-16T05:52:34.475Z,9,20.37,50,OK
2026-02-16T05:52:34.524Z,9,20.16,50,OK
2026-02-16T05:52:34.577Z,16,21.05,50,OK
2026-02-16T05:52:34.626Z,13,20.44,50,OK
2026-02-16T05:52:34.677Z,13,20.73,50,OK
2026-02-16T05:52:34.728Z,13,20.24,50,OK
2026-02-16T05:52:34.777Z,13,20.17,50,OK
2026-02-16T05:52:34.936Z,12,138.74,50,OK
2026-02-16T05:52:34.986Z,10,20.16,50,OK
2026-02-16T05:52:35.035Z,10,20.36,50,OK
2026-02-16T05:52:35.086Z,11,19.94,50,OK
2026-02-16T05:52:35.135Z,10,20.29,50,OK
2026-02-16T05:52:35.247Z,10,111.31,50,OK
2026-02-16T05:52:35.297Z,13,20.18,50,OK
2026-02-16T05:52:35.348Z,13,20.34,50,OK
2026-02-16T05:52:35.398Z,13,20.20,50,OK
2026-02-16T05:52:35.449Z,13,20.36,50,OK
2026-02-16T05:52:35.499Z,13,20.44,50,OK
2026-02-16T05:52:35.549Z,13,20.64,50,OK
2026-02-16T05:52:35.598Z,15,20.31,50,OK
2026-02-16T05:52:35.649Z,15,19.78,50,OK
2026-02-16T05:52:35.785Z,16,129.73,50,OK
2026-02-16T05:52:35.924Z,16,118.65,50,OK
2026-02-16T05:52:35.975Z,15,20.36,50,OK
2026-02-16T05:52:36.025Z,15,20.02,50,OK
2026-02-16T05:52:36.076Z,16,20.29,50,OK
2026-02-16T05:52:36.127Z,16,21.53,50,OK
2026-02-16T05:52:36.177Z,13,20.36,50,OK
2026-02-16T05:52:36.228Z,13,20.50,50,OK
2026-02-16T05:52:36.408Z,15,89.83,50,OK
2026-02-16T05:52:36.589Z,13,159.58,50,OK
2026-02-16T05:52:36.704Z,14,66.00,50,OK
2026-02-16T05:52:36.755Z,10,20.13,50,OK
2026-02-16T05:52:36.896Z,11,20.21,50,OK
2026-02-16T05:52:36.946Z,11,19.79,50,OK
2026-02-16T05:52:36.997Z,10,20.29,50,OK
2026-02-16T05:52:37.049Z,9,20.55,50,OK
2026-02-16T05:52:37.099Z,9,20.52,50,OK
2026-02-16T05:52:37.148Z,10,19.56,50,OK
2026-02-16T05:52:37.200Z,10,20.19,50,OK
2026-02-16T05:52:37.249Z,10,20.09,50,OK
2026-02-16T05:52:37.300Z,7,20.21,50,OK
2026-02-16T05:52:37.350Z,7,20.46,50,OK
2026-02-16T05:52:37.400Z,7,20.41,50,OK
2026-02-16T05:52:37.451Z,8,20.47,50,OK
2026-02-16T05:52:37.501Z,8,20.34,50,OK
2026-02-16T05:52:37.550Z,8,20.23,50,OK
2026-02-16T05:52:37.722Z,7,20.50,50,OK
2026-02-16T05:52:37.773Z,5,21.00,50,OK
2026-02-16T05:52:37.823Z,4,20.11,50,OK
2026-02-16T05:52:37.874Z,4,20.36,50,OK
2026-02-16T05:52:38.038Z,4,152.90,50,OK
2026-02-16T05:52:38.248Z,14,160.00,50,OK
2026-02-16T05:52:38.356Z,9,107.45,50,OK
2026-02-16T05:52:38.405Z,5,20.13,50,OK
2026-02-16T05:52:38.456Z,5,19.91,50,OK
2026-02-16T05:52:38.506Z,5,20.41,50,OK
2026-02-16T05:52:38.556Z,5,19.97,50,OK
2026-02-16T05:52:38.747Z,5,141.00,50,OK
2026-02-16T05:52:39.093Z,20,296.00,50,OK
2026-02-16T05:52:39.144Z,5,20.44,50,OK
2026-02-16T05:52:39.195Z,5,20.42,50,OK
2026-02-16T05:52:39.245Z,5,20.23,50,OK
2026-02-16T05:52:39.295Z,5,20.54,50,OK
2026-02-16T05:52:39.345Z,5,20.54,50,OK
2026-02-16T05:52:39.395Z,10,29.35,50,OK
2026-02-16T05:52:39.445Z,8,20.28,50,OK
2026-02-16T05:52:39.495Z,8,20.48,50,OK
2026-02-16T05:52:39.546Z,8,20.19,50,OK
2026-02-16T05:52:39.596Z,8,20.59,50,OK
2026-02-16T05:52:39.647Z,8,20.52,50,OK
2026-02-16T05:52:39.698Z,8,20.24,50,OK
2026-02-16T05:52:39.749Z,8,20.41,50,OK
2026-02-16T05:52:39.800Z,8,20.12,50,OK
2026-02-16T05:52:39.850Z,8,20.44,50,OK
2026-02-16T05:52:39.900Z,8,20.37,50,OK
2026-02-16T05:52:39.951Z,8,20.31,50,OK
2026-02-16T05:52:40.002Z,8,19.93,50,OK
2026-02-16T05:52:40.052Z,8,20.44,50,OK
2026-02-16T05:52:40.105Z,12,20.28,50,OK
2026-02-16T05:52:40.155Z,11,22.65,50,OK
2026-02-16T05:52:40.205Z,11,20.23,50,OK
2026-02-16T05:52:40.256Z,11,20.28,50,OK
2026-02-16T05:52:40.306Z,11,20.13,50,OK
2026-02-16T05:52:40.356Z,10,20.58,50,OK
2026-02-16T05:52:40.488Z,10,112.56,50,OK
2026-02-16T05:52:40.727Z,20,189.00,50,OK
2026-02-16T05:52:40.778Z,12,20.52,50,OK
2026-02-16T05:52:40.829Z,12,20.29,50,OK
2026-02-16T05:52:40.879Z,12,20.05,50,OK
2026-02-16T05:52:40.929Z,12,20.32,50,OK
2026-02-16T05:52:40.980Z,12,20.23,50,OK
2026-02-16T05:52:41.031Z,12,20.19,50,OK
2026-02-16T05:52:41.081Z,12,19.90,50,OK
2026-02-16T05:52:41.256Z,11,20.09,50,OK
2026-02-16T05:52:41.538Z,23,282.20,50,OK
2026-02-16T05:52:41.679Z,16,91.00,50,OK
2026-02-16T05:52:41.730Z,9,20.14,50,OK
2026-02-16T05:52:41.871Z,13,92.00,50,OK
2026-02-16T05:52:41.922Z,8,20.28,50,OK
2026-02-16T05:52:41.972Z,8,20.11,50,OK
2026-02-16T05:52:42.023Z,8,20.62,50,OK
2026-02-16T05:52:42.073Z,8,20.37,50,OK
2026-02-16T05:52:42.127Z,6,20.87,50,OK
2026-02-16T05:52:42.176Z,5,20.37,50,OK
2026-02-16T05:52:42.227Z,5,20.06,50,OK
2026-02-16T05:52:42.278Z,5,20.15,50,OK
2026-02-16T05:52:42.329Z,5,20.39,50,OK
2026-02-16T05:52:42.380Z,5,20.23,50,OK
2026-02-16T05:52:42.430Z,6,20.65,50,OK
2026-02-16T05:52:42.480Z,6,20.05,50,OK
2026-02-16T05:52:42.531Z,4,20.46,50,OK
2026-02-16T05:52:42.581Z,4,20.32,50,OK
2026-02-16T05:52:42.630Z,4,20.31,50,OK
2026-02-16T05:52:42.799Z,4,20.31,50,OK
2026-02-16T05:52:43.366Z,22,566.49,50,OK
2026-02-16T05:52:44.126Z,16,710.00,50,OK
2026-02-16T05:52:44.177Z,6,20.90,50,OK
2026-02-16T05:52:44.227Z,6,20.49,50,OK
2026-02-16T05:52:44.277Z,6,20.05,50,OK
2026-02-16T05:52:44.327Z,6,20.34,50,OK
2026-02-16T05:52:44.380Z,8,20.23,50,OK
2026-02-16T05:52:44.431Z,5,20.59,50,OK
2026-02-16T05:52:44.482Z,5,20.57,50,OK
2026-02-16T05:52:44.533Z,5,20.08,50,OK
2026-02-16T05:52:44.584Z,5,20.29,50,OK
2026-02-16T05:52:44.634Z,5,20.37,50,OK
2026-02-16T05:52:44.791Z,14,156.70,50,OK
2026-02-16T05:52:44.841Z,4,20.13,50,OK
2026-02-16T05:52:44.958Z,4,107.25,50,OK
2026-02-16T05:52:45.009Z,4,20.26,50,OK
2026-02-16T05:52:45.060Z,4,20.69,50,OK
2026-02-16T05:52:45.111Z,4,20.36,50,OK
2026-02-16T05:52:45.274Z,11,152.11,50,OK
2026-02-16T05:52:45.399Z,16,75.00,50,OK
2026-02-16T05:52:45.449Z,9,20.26,50,OK
2026-02-16T05:52:45.499Z,9,20.32,50,OK
2026-02-16T05:52:45.549Z,8,20.31,50,OK
2026-02-16T05:52:45.600Z,8,20.24,50,OK
2026-02-16T05:52:45.651Z,7,20.37,50,OK
2026-02-16T05:52:45.701Z,8,20.34,50,OK
2026-02-16T05:52:45.752Z,8,20.54,50,OK
2026-02-16T05:52:45.807Z,13,20.29,50,OK
2026-02-16T05:52:45.922Z,11,115.05,50,OK
2026-02-16T05:52:46.078Z,10,19.62,50,OK
2026-02-16T05:52:46.129Z,10,20.45,50,OK
2026-02-16T05:52:46.257Z,10,116.62,50,OK
2026-02-16T05:52:46.377Z,9,71.00,50,OK
2026-02-16T05:52:46.428Z,12,22.77,50,OK
2026-02-16T05:52:46.478Z,12,20.18,50,OK
2026-02-16T05:52:46.529Z,12,20.26,50,OK
2026-02-16T05:52:46.579Z,12,20.31,50,OK
2026-02-16T05:52:46.630Z,12,20.21,50,OK
2026-02-16T05:52:46.680Z,12,19.93,50,OK
2026-02-16T05:52:46.731Z,12,20.23,50,OK
2026-02-16T05:52:46.781Z,12,20.39,50,OK
2026-02-16T05:52:46.941Z,13,78.57,50,OK
2026-02-16T05:52:47.076Z,19,85.00,50,OK
2026-02-16T05:52:47.229Z,12,103.00,50,OK
2026-02-16T05:52:47.381Z,10,129.40,50,OK
2026-02-16T05:52:47.575Z,10,144.00,50,OK
2026-02-16T05:52:47.624Z,9,30.09,50,OK
2026-02-16T05:52:47.674Z,8,19.76,50,OK
2026-02-16T05:52:47.849Z,8,125.00,50,OK
2026-02-16T05:52:47.899Z,7,20.18,50,OK
2026-02-16T05:52:47.949Z,7,20.21,50,OK
2026-02-16T05:52:48.001Z,7,19.92,50,OK
2026-02-16T05:52:48.051Z,7,20.30,50,OK
2026-02-16T05:52:48.100Z,11,20.05,50,OK
2026-02-16T05:52:48.151Z,11,20.16,50,OK
2026-02-16T05:52:48.201Z,11,20.73,50,OK
2026-02-16T05:52:48.409Z,13,20.24,50,OK
2026-02-16T05:52:48.459Z,9,19.64,50,OK
2026-02-16T05:52:48.508Z,9,20.23,50,OK
2026-02-16T05:52:48.559Z,9,20.24,50,OK
2026-02-16T05:52:48.782Z,9,210.04,50,OK
2026-02-16T05:52:49.092Z,22,260.00,50,OK
2026-02-16T05:52:49.142Z,10,19.54,50,OK
2026-02-16T05:52:49.193Z,10,20.26,50,OK
2026-02-16T05:52:49.243Z,11,20.05,50,OK
2026-02-16T05:52:49.293Z,10,20.18,50,OK
2026-02-16T05:52:49.343Z,10,20.39,50,OK
2026-02-16T05:52:49.394Z,9,20.29,50,OK
2026-02-16T05:52:49.542Z,10,73.68,50,OK
2026-02-16T05:52:49.770Z,14,178.00,50,OK
2026-02-16T05:52:49.821Z,9,20.19,50,OK
2026-02-16T05:52:49.872Z,8,20.14,50,OK
2026-02-16T05:52:49.922Z,8,20.18,50,OK
2026-02-16T05:52:49.971Z,8,20.19,50,OK
2026-02-16T05:52:50.022Z,8,19.44,50,OK
2026-02-16T05:52:50.072Z,7,20.20,50,OK
2026-02-16T05:52:50.224Z,6,131.43,50,OK
2026-02-16T05:52:50.681Z,18,407.00,50,OK
2026-02-16T05:52:50.813Z,14,82.00,50,OK
2026-02-16T05:52:50.930Z,14,67.00,50,OK
2026-02-16T05:52:51.047Z,8,67.00,50,OK
2026-02-16T05:52:51.213Z,7,144.38,50,OK
2026-02-16T05:52:51.351Z,10,88.00,50,OK
2026-02-16T05:52:51.401Z,6,20.16,50,OK
2026-02-16T05:52:51.452Z,6,20.18,50,OK
2026-02-16T05:52:51.502Z,7,20.37,50,OK
2026-02-16T05:52:51.553Z,7,20.24,50,OK
2026-02-16T05:52:51.604Z,8,20.18,50,OK
2026-02-16T05:52:51.654Z,8,19.96,50,OK
2026-02-16T05:52:51.704Z,8,19.41,50,OK
2026-02-16T05:52:51.755Z,8,19.73,50,OK
2026-02-16T05:52:51.806Z,8,20.32,50,OK
2026-02-16T05:52:51.949Z,11,133.73,50,OK
2026-02-16T05:52:52.389Z,20,390.00,50,OK
2026-02-16T05:52:52.619Z,22,180.00,50,OK
2026-02-16T05:52:52.670Z,11,20.21,50,OK
2026-02-16T05:52:52.808Z,10,128.02,50,OK
2026-02-16T05:52:52.858Z,11,20.16,50,OK
2026-02-16T05:52:52.908Z,11,20.42,50,OK
2026-02-16T05:52:53.086Z,13,20.50,50,OK
2026-02-16T05:52:53.136Z,10,20.21,50,OK
2026-02-16T05:52:53.307Z,10,20.21,50,OK
2026-02-16T05:52:53.434Z,10,125.93,50,OK
2026-02-16T05:52:53.662Z,18,178.00,50,OK
2026-02-16T05:52:53.711Z,10,19.41,50,OK
2026-02-16T05:52:53.762Z,10,20.18,50,OK
2026-02-16T05:52:53.811Z,10,20.50,50,OK
2026-02-16T05:52:53.935Z,10,74.00,50,OK
2026-02-16T05:52:54.047Z,14,111.18,50,OK
2026-02-16T05:52:54.231Z,11,20.37,50,OK
2026-02-16T05:52:54.282Z,8,20.03,50,OK
2026-02-16T05:52:54.332Z,9,20.85,50,OK
2026-02-16T05:52:54.383Z,9,20.65,50,OK
2026-02-16T05:52:54.433Z,7,19.73,50,OK
2026-02-16T05:52:54.565Z,7,130.58,50,OK
2026-02-16T05:52:54.615Z,7,19.34,50,OK
2026-02-16T05:52:54.666Z,7,20.34,50,OK
2026-02-16T05:52:54.819Z,8,152.90,50,OK
2026-02-16T05:52:55.052Z,28,183.00,50,OK
2026-02-16T05:52:55.103Z,8,20.03,50,OK
2026-02-16T05:52:55.155Z,9,20.42,50,OK
2026-02-16T05:52:55.204Z,9,20.37,50,OK
2026-02-16T05:52:55.255Z,9,20.33,50,OK
2026-02-16T05:52:55.306Z,9,20.29,50,OK
2026-02-16T05:52:55.357Z,9,20.32,50,OK
2026-02-16T05:52:55.407Z,9,20.28,50,OK
2026-02-16T05:52:55.458Z,9,20.24,50,OK
2026-02-16T05:52:55.508Z,9,20.41,50,OK
2026-02-16T05:52:55.559Z,8,20.32,50,OK
2026-02-16T05:52:55.608Z,8,20.37,50,OK
2026-02-16T05:52:55.659Z,8,20.31,50,OK
2026-02-16T05:52:55.706Z,6,20.64,50,OK
2026-02-16T05:52:55.756Z,6,20.34,50,OK
2026-02-16T05:52:55.806Z,6,20.45,50,OK
2026-02-16T05:52:55.856Z,5,20.49,50,OK
2026-02-16T05:52:55.906Z,5,20.23,50,OK
2026-02-16T05:52:55.956Z,5,20.49,50,OK
2026-02-16T05:52:56.007Z,5,20.68,50,OK
2026-02-16T05:52:56.061Z,9,20.06,50,OK
2026-02-16T05:52:56.304Z,16,193.00,50,OK
2026-02-16T05:52:56.355Z,5,19.80,50,OK
2026-02-16T05:52:56.406Z,5,20.26,50,OK
2026-02-16T05:52:56.456Z,5,20.13,50,OK
2026-02-16T05:52:56.506Z,5,20.21,50,OK
2026-02-16T05:52:56.558Z,5,20.61,50,OK
2026-02-16T05:52:56.608Z,6,19.98,50,OK
2026-02-16T05:52:56.658Z,6,19.89,50,OK
2026-02-16T05:52:56.708Z,6,19.64,50,OK
2026-02-16T05:52:56.759Z,6,20.50,50,OK
2026-02-16T05:52:56.811Z,6,20.41,50,OK
2026-02-16T05:52:56.861Z,6,19.77,50,OK
2026-02-16T05:52:56.912Z,6,20.42,50,OK
2026-02-16T05:52:56.963Z,5,19.64,50,OK
2026-02-16T05:52:57.013Z,5,20.37,50,OK
2026-02-16T05:52:57.191Z,5,20.31,50,OK
2026-02-16T05:52:57.305Z,4,113.54,50,OK
2026-02-16T05:52:57.416Z,4,61.00,50,OK
2026-02-16T05:52:57.657Z,29,191.00,50,OK
2026-02-16T05:52:57.708Z,6,19.87,50,OK
2026-02-16T05:52:57.825Z,6,67.00,50,OK
2026-02-16T05:52:57.875Z,5,20.28,50,OK
2026-02-16T05:52:57.925Z,5,20.26,50,OK
2026-02-16T05:52:58.097Z,7,85.32,50,OK
2026-02-16T05:52:58.147Z,6,20.49,50,OK
2026-02-16T05:52:58.198Z,6,20.37,50,OK
2026-02-16T05:52:58.249Z,6,20.36,50,OK
2026-02-16T05:52:58.299Z,6,20.46,50,OK
2026-02-16T05:52:58.349Z,6,20.55,50,OK
2026-02-16T05:52:58.399Z,6,20.55,50,OK
2026-02-16T05:52:58.449Z,6,20.08,50,OK
2026-02-16T05:52:58.499Z,6,20.29,50,OK
2026-02-16T05:52:58.551Z,6,20.36,50,OK
2026-02-16T05:52:58.601Z,5,20.42,50,OK
2026-02-16T05:52:58.652Z,5,20.78,50,OK
2026-02-16T05:52:58.820Z,10,152.50,50,OK
2026-02-16T05:52:59.048Z,22,178.00,50,OK
2026-02-16T05:52:59.099Z,7,20.19,50,OK
2026-02-16T05:52:59.150Z,7,20.43,50,OK
2026-02-16T05:52:59.203Z,7,20.34,50,OK
2026-02-16T05:52:59.253Z,7,20.17,50,OK
2026-02-16T05:52:59.303Z,7,20.36,50,OK
2026-02-16T05:52:59.353Z,7,20.09,50,OK
2026-02-16T05:52:59.404Z,7,20.77,50,OK
2026-02-16T05:52:59.454Z,7,20.72,50,OK
2026-02-16T05:52:59.504Z,7,20.32,50,OK
2026-02-16T05:52:59.555Z,7,19.90,50,OK
2026-02-16T05:52:59.605Z,7,20.41,50,OK
2026-02-16T05:52:59.655Z,7,20.29,50,OK
2026-02-16T05:52:59.705Z,6,20.04,50,OK
2026-02-16T05:52:59.754Z,6,20.16,50,OK
2026-02-16T05:52:59.805Z,6,20.18,50,OK
2026-02-16T05:52:59.989Z,6,134.00,50,OK
2026-02-16T05:53:00.040Z,4,20.23,50,OK
2026-02-16T05:53:00.163Z,5,112.95,50,OK
2026-02-16T05:53:00.533Z,21,320.00,50,OK
2026-02-16T05:53:00.583Z,4,19.64,50,OK
2026-02-16T05:53:00.634Z,4,20.18,50,OK
2026-02-16T05:53:00.686Z,6,20.71,50,OK
2026-02-16T05:53:00.736Z,5,20.18,50,OK
2026-02-16T05:53:00.786Z,5,20.45,50,OK
2026-02-16T05:53:00.837Z,5,20.39,50,OK
2026-02-16T05:53:00.887Z,5,20.31,50,OK
2026-02-16T05:53:00.937Z,4,20.44,50,OK
2026-02-16T05:53:00.988Z,4,20.38,50,OK
2026-02-16T05:53:01.114Z,6,76.00,50,OK
2026-02-16T05:53:01.164Z,5,20.37,50,OK
2026-02-16T05:53:01.214Z,5,20.26,50,OK
2026-02-16T05:53:01.264Z,5,20.44,50,OK
2026-02-16T05:53:01.315Z,5,20.18,50,OK
2026-02-16T05:53:01.365Z,5,20.20,50,OK
2026-02-16T05:53:01.415Z,5,20.26,50,OK
2026-02-16T05:53:01.465Z,5,20.23,50,OK
2026-02-16T05:53:01.515Z,5,20.19,50,OK
2026-02-16T05:53:01.659Z,8,69.40,50,OK
2026-02-16T05:53:02.010Z,27,302.00,50,OK
2026-02-16T05:53:02.061Z,6,19.31,50,OK
2026-02-16T05:53:02.111Z,6,20.26,50,OK
2026-02-16T05:53:02.300Z,10,188.02,50,OK
2026-02-16T05:53:02.440Z,9,90.00,50,OK
2026-02-16T05:53:02.491Z,7,20.50,50,OK
2026-02-16T05:53:02.543Z,7,19.96,50,OK
2026-02-16T05:53:02.593Z,6,20.36,50,OK
2026-02-16T05:53:02.643Z,6,20.72,50,OK
2026-02-16T05:53:02.846Z,6,153.00,50,OK
2026-02-16T05:53:03.023Z,6,20.28,50,OK
2026-02-16T05:53:03.153Z,16,127.89,50,OK
2026-02-16T05:53:03.569Z,21,366.00,50,OK
2026-02-16T05:53:03.695Z,18,76.00,50,OK
2026-02-16T05:53:03.746Z,9,19.93,50,OK
2026-02-16T05:53:03.797Z,9,20.48,50,OK
2026-02-16T05:53:03.848Z,9,20.47,50,OK
2026-02-16T05:53:03.898Z,9,20.32,50,OK
2026-02-16T05:53:03.948Z,9,20.24,50,OK
2026-02-16T05:53:03.998Z,9,20.23,50,OK
2026-02-16T05:53:04.128Z,9,64.06,50,OK
2026-02-16T05:53:04.179Z,10,20.73,50,OK
2026-02-16T05:53:04.231Z,10,20.39,50,OK
2026-02-16T05:53:04.281Z,10,20.05,50,OK
2026-02-16T05:53:04.474Z,12,143.00,50,OK
2026-02-16T05:53:04.524Z,9,20.24,50,OK
2026-02-16T05:53:04.721Z,12,20.29,50,OK
2026-02-16T05:53:05.079Z,28,356.91,50,OK
2026-02-16T05:53:05.129Z,12,20.49,50,OK
2026-02-16T05:53:05.180Z,10,21.06,50,OK
2026-02-16T05:53:05.230Z,10,20.32,50,OK
2026-02-16T05:53:05.282Z,10,20.39,50,OK
2026-02-16T05:53:05.333Z,9,20.62,50,OK
2026-02-16T05:53:05.383Z,9,20.28,50,OK
2026-02-16T05:53:05.433Z,9,20.39,50,OK
2026-02-16T05:53:05.486Z,11,20.39,50,OK
2026-02-16T05:53:05.614Z,12,123.76,50,OK
2026-02-16T05:53:05.664Z,8,20.32,50,OK
2026-02-16T05:53:05.715Z,7,22.54,50,OK
2026-02-16T05:53:05.843Z,7,127.43,50,OK
2026-02-16T05:53:05.893Z,7,20.18,50,OK
2026-02-16T05:53:05.944Z,7,20.26,50,OK
2026-02-16T05:53:05.994Z,7,20.23,50,OK
2026-02-16T05:53:06.044Z,7,20.57,50,OK
2026-02-16T05:53:06.217Z,14,20.35,50,OK
2026-02-16T05:53:06.451Z,27,233.64,50,OK
2026-02-16T05:53:06.502Z,10,20.39,50,OK
2026-02-16T05:53:06.552Z,10,20.28,50,OK
2026-02-16T05:53:06.602Z,10,20.14,50,OK
2026-02-16T05:53:06.758Z,10,145.29,50,OK
2026-02-16T05:53:06.809Z,10,20.37,50,OK
2026-02-16T05:53:06.860Z,10,20.23,50,OK
2026-02-16T05:53:06.912Z,10,20.55,50,OK
2026-02-16T05:53:06.963Z,10,20.27,50,OK
2026-02-16T05:53:07.013Z,8,20.59,50,OK
2026-02-16T05:53:07.063Z,8,20.41,50,OK
2026-02-16T05:53:07.115Z,6,20.73,50,OK
2026-02-16T05:53:07.165Z,6,20.18,50,OK
2026-02-16T05:53:07.215Z,5,20.21,50,OK
2026-02-16T05:53:07.266Z,5,20.68,50,OK
2026-02-16T05:53:07.316Z,5,20.70,50,OK
2026-02-16T05:53:07.367Z,5,20.21,50,OK
2026-02-16T05:53:07.417Z,5,20.50,50,OK
2026-02-16T05:53:07.625Z,7,20.60,50,OK
2026-02-16T05:53:07.960Z,23,334.36,50,OK
2026-02-16T05:53:08.011Z,6,20.19,50,OK
2026-02-16T05:53:08.062Z,6,20.28,50,OK
2026-02-16T05:53:08.112Z,3,20.20,50,OK
2026-02-16T05:53:08.164Z,3,20.34,50,OK
2026-02-16T05:53:08.214Z,3,20.67,50,OK
2026-02-16T05:53:08.264Z,4,21.03,50,OK
2026-02-16T05:53:08.314Z,4,20.27,50,OK
2026-02-16T05:53:08.364Z,3,20.00,50,OK
2026-02-16T05:53:08.415Z,3,20.37,50,OK
2026-02-16T05:53:08.466Z,3,20.62,50,OK
2026-02-16T05:53:08.516Z,3,20.42,50,OK
2026-02-16T05:53:08.566Z,3,20.29,50,OK
2026-02-16T05:53:08.617Z,3,20.24,50,OK
2026-02-16T05:53:08.667Z,4,20.19,50,OK
2026-02-16T05:53:08.716Z,4,20.20,50,OK
2026-02-16T05:53:08.767Z,4,20.28,50,OK
2026-02-16T05:53:08.817Z,4,20.41,50,OK
2026-02-16T05:53:08.867Z,4,20.13,50,OK
2026-02-16T05:53:08.918Z,4,20.26,50,OK
2026-02-16T05:53:09.067Z,6,20.19,50,OK
2026-02-16T05:53:09.419Z,29,351.40,50,OK
2026-02-16T05:53:09.548Z,19,79.00,50,OK
2026-02-16T05:53:09.598Z,9,20.16,50,OK
2026-02-16T05:53:09.648Z,9,20.29,50,OK
2026-02-16T05:53:09.699Z,9,20.14,50,OK
2026-02-16T05:53:09.750Z,10,20.23,50,OK
2026-02-16T05:53:09.801Z,10,20.28,50,OK
2026-02-16T05:53:09.851Z,10,20.10,50,OK
2026-02-16T05:53:09.902Z,10,20.39,50,OK
2026-02-16T05:53:09.953Z,10,20.26,50,OK
2026-02-16T05:53:10.005Z,9,20.13,50,OK
2026-02-16T05:53:10.055Z,9,20.08,50,OK
2026-02-16T05:53:10.105Z,10,21.00,50,OK
2026-02-16T05:53:10.155Z,10,20.57,50,OK
2026-02-16T05:53:10.206Z,10,20.70,50,OK
2026-02-16T05:53:10.257Z,9,20.29,50,OK
2026-02-16T05:53:10.307Z,10,20.50,50,OK
2026-02-16T05:53:10.358Z,9,20.21,50,OK
2026-02-16T05:53:10.408Z,9,20.28,50,OK
2026-02-16T05:53:10.783Z,15,361.89,50,OK
2026-02-16T05:53:11.007Z,35,174.00,50,OK
2026-02-16T05:53:11.058Z,11,20.47,50,OK
2026-02-16T05:53:11.207Z,12,129.66,50,OK
2026-02-16T05:53:11.257Z,10,20.50,50,OK
2026-02-16T05:53:11.307Z,9,20.29,50,OK
2026-02-16T05:53:11.357Z,8,20.32,50,OK
2026-02-16T05:53:11.408Z,8,20.26,50,OK
2026-02-16T05:53:11.457Z,8,20.59,50,OK
2026-02-16T05:53:11.508Z,8,20.37,50,OK
2026-02-16T05:53:11.558Z,6,20.10,50,OK
2026-02-16T05:53:11.608Z,6,20.21,50,OK
2026-02-16T05:53:11.658Z,6,20.29,50,OK
2026-02-16T05:53:11.776Z,7,68.00,50,OK
2026-02-16T05:53:11.904Z,7,78.00,50,OK
2026-02-16T05:53:12.023Z,7,69.00,50,OK
2026-02-16T05:53:12.320Z,19,247.00,50,OK
2026-02-16T05:53:12.684Z,35,314.00,50,OK
2026-02-16T05:53:12.735Z,9,1.00,50,OK
2026-02-16T05:53:12.785Z,10,20.08,50,OK
2026-02-16T05:53:12.835Z,9,20.29,50,OK
2026-02-16T05:53:12.886Z,9,20.38,50,OK
2026-02-16T05:53:13.063Z,12,159.06,50,OK
2026-02-16T05:53:13.115Z,7,20.26,50,OK
2026-02-16T05:53:13.165Z,7,20.54,50,OK
2026-02-16T05:53:13.216Z,7,20.29,50,OK
2026-02-16T05:53:13.266Z,7,20.44,50,OK
2026-02-16T05:53:13.316Z,7,20.54,50,OK
2026-02-16T05:53:13.366Z,8,20.28,50,OK
2026-02-16T05:53:13.416Z,8,20.35,50,OK
2026-02-16T05:53:13.467Z,8,20.32,50,OK
2026-02-16T05:53:13.517Z,8,20.41,50,OK
2026-02-16T05:53:13.566Z,8,20.18,50,OK
2026-02-16T05:53:13.617Z,8,19.75,50,OK
2026-02-16T05:53:13.670Z,7,20.34,50,OK
2026-02-16T05:53:13.860Z,11,93.05,50,OK
2026-02-16T05:53:14.152Z,42,242.00,50,OK
2026-02-16T05:53:14.202Z,14,19.91,50,OK
2026-02-16T05:53:14.253Z,15,20.90,50,OK
2026-02-16T05:53:14.302Z,15,20.37,50,OK
2026-02-16T05:53:14.459Z,14,19.91,50,OK
2026-02-16T05:53:14.509Z,14,20.07,50,OK
2026-02-16T05:53:14.559Z,14,20.32,50,OK
2026-02-16T05:53:14.609Z,14,19.93,50,OK
2026-02-16T05:53:14.659Z,14,20.54,50,OK
2026-02-16T05:53:14.710Z,16,20.44,50,OK
2026-02-16T05:53:14.760Z,14,20.11,50,OK
2026-02-16T05:53:14.809Z,13,20.34,50,OK
2026-02-16T05:53:14.859Z,13,20.28,50,OK
2026-02-16T05:53:14.910Z,13,20.32,50,OK
2026-02-16T05:53:14.961Z,12,20.41,50,OK
2026-02-16T05:53:15.011Z,12,20.38,50,OK
2026-02-16T05:53:15.062Z,12,20.46,50,OK
2026-02-16T05:53:15.112Z,12,20.34,50,OK
2026-02-16T05:53:15.167Z,14,20.31,50,OK
2026-02-16T05:53:15.507Z,25,291.00,50,OK
2026-02-16T05:53:15.728Z,44,171.00,50,OK
2026-02-16T05:53:15.854Z,26,76.00,50,OK
2026-02-16T05:53:15.904Z,12,19.32,50,OK
2026-02-16T05:53:16.021Z,12,104.04,50,OK
2026-02-16T05:53:16.241Z,12,170.00,50,OK
2026-02-16T05:53:16.372Z,10,130.97,50,OK
2026-02-16T05:53:16.422Z,7,21.18,50,OK
2026-02-16T05:53:16.472Z,6,20.36,50,OK
2026-02-16T05:53:16.523Z,8,21.36,50,OK
2026-02-16T05:53:16.573Z,6,20.31,50,OK
2026-02-16T05:53:16.622Z,6,20.32,50,OK
2026-02-16T05:53:16.673Z,6,20.42,50,OK
2026-02-16T05:53:16.725Z,7,21.88,50,OK
2026-02-16T05:53:16.877Z,9,102.00,50,OK
2026-02-16T05:53:17.211Z,55,284.00,50,SATURATED
2026-02-16T05:53:17.343Z,29,82.00,50,OK
2026-02-16T05:53:17.477Z,15,112.82,50,OK
2026-02-16T05:53:17.527Z,15,20.29,50,OK
2026-02-16T05:53:17.578Z,14,20.16,50,OK
2026-02-16T05:53:17.628Z,13,20.23,50,OK
2026-02-16T05:53:17.679Z,12,20.26,50,OK
2026-02-16T05:53:17.912Z,12,20.51,50,OK
2026-02-16T05:53:17.962Z,11,20.22,50,OK
2026-02-16T05:53:18.012Z,11,20.50,50,OK
2026-02-16T05:53:18.063Z,11,20.50,50,OK
2026-02-16T05:53:18.113Z,11,20.41,50,OK
2026-02-16T05:53:18.164Z,11,20.08,50,OK
2026-02-16T05:53:18.341Z,11,20.42,50,OK
2026-02-16T05:53:18.471Z,38,129.40,50,OK
2026-02-16T05:53:19.007Z,41,486.00,50,OK
2026-02-16T05:53:19.134Z,44,77.00,50,OK
2026-02-16T05:53:19.183Z,16,20.77,50,OK
2026-02-16T05:53:19.234Z,11,21.34,50,OK
2026-02-16T05:53:19.284Z,11,20.45,50,OK
2026-02-16T05:53:19.335Z,11,20.16,50,OK
2026-02-16T05:53:19.386Z,9,20.44,50,OK
2026-02-16T05:53:19.436Z,9,20.42,50,OK
2026-02-16T05:53:19.609Z,9,163.91,50,OK
2026-02-16T05:53:19.755Z,19,96.00,50,OK
2026-02-16T05:53:19.861Z,12,56.00,50,OK
2026-02-16T05:53:19.976Z,12,65.00,50,OK
2026-02-16T05:53:20.200Z,16,174.00,50,OK
2026-02-16T05:53:20.779Z,64,529.00,50,SATURATED
2026-02-16T05:53:21.195Z,47,366.00,50,OK
2026-02-16T05:53:21.397Z,26,152.00,50,OK
2026-02-16T05:53:21.552Z,16,131.24,50,OK
2026-02-16T05:53:21.696Z,16,94.00,50,OK
2026-02-16T05:53:21.745Z,14,20.70,50,OK
2026-02-16T05:53:21.879Z,15,123.04,50,OK
2026-02-16T05:53:22.342Z,33,413.00,50,OK
2026-02-16T05:53:23.593Z,59,1201.00,50,SATURATED
2026-02-16T05:53:24.060Z,58,417.00,50,SATURATED
2026-02-16T05:53:24.202Z,40,92.00,50,OK
2026-02-16T05:53:24.369Z,11,143.85,50,OK
2026-02-16T05:53:24.420Z,10,20.16,50,OK
2026-02-16T05:53:24.470Z,10,20.32,50,OK
2026-02-16T05:53:24.520Z,10,20.22,50,OK
2026-02-16T05:53:24.570Z,10,20.55,50,OK
2026-02-16T05:53:24.627Z,17,20.53,50,OK
2026-02-16T05:53:24.678Z,13,20.05,50,OK
2026-02-16T05:53:24.730Z,14,20.64,50,OK
2026-02-16T05:53:24.781Z,11,20.60,50,OK
2026-02-16T05:53:24.831Z,11,20.30,50,OK
2026-02-16T05:53:24.882Z,11,20.57,50,OK
2026-02-16T05:53:24.933Z,11,20.37,50,OK
2026-02-16T05:53:24.983Z,11,19.95,50,OK
2026-02-16T05:53:25.033Z,11,21.00,50,OK
2026-02-16T05:53:25.186Z,11,20.05,50,OK
2026-02-16T05:53:25.787Z,50,601.62,50,SATURATED
2026-02-16T05:53:26.602Z,82,765.00,50,SATURATED
2026-02-16T05:53:26.666Z,57,14.00,50,SATURATED
2026-02-16T05:53:26.716Z,18,31.17,50,OK
2026-02-16T05:53:26.766Z,18,20.25,50,OK
2026-02-16T05:53:26.817Z,19,22.73,50,OK
2026-02-16T05:53:26.867Z,19,20.46,50,OK
2026-02-16T05:53:26.918Z,19,19.59,50,OK
2026-02-16T05:53:26.969Z,18,20.30,50,OK
2026-02-16T05:53:27.019Z,18,20.65,50,OK
2026-02-16T05:53:27.069Z,18,20.31,50,OK
2026-02-16T05:53:27.119Z,18,19.88,50,OK
2026-02-16T05:53:27.286Z,19,117.00,50,OK
2026-02-16T05:53:27.432Z,23,96.00,50,OK
2026-02-16T05:53:27.672Z,35,190.00,50,OK
2026-02-16T05:53:28.011Z,61,289.00,50,SATURATED
2026-02-16T05:53:28.828Z,66,767.00,50,SATURATED
2026-02-16T05:53:29.399Z,53,521.00,50,SATURATED
2026-02-16T05:53:29.925Z,37,476.00,50,OK
2026-02-16T05:53:30.909Z,72,934.00,50,SATURATED
2026-02-16T05:53:31.510Z,74,551.00,50,SATURATED
2026-02-16T05:53:32.367Z,60,321.00,50,SATURATED
2026-02-16T05:53:31.996Z,64,436.00,50,SATURATED
2026-02-16T05:53:32.420Z,17,41.89,50,OK
2026-02-16T05:53:32.471Z,11,20.52,50,OK
2026-02-16T05:53:32.522Z,11,20.05,50,OK
2026-02-16T05:53:32.644Z,17,72.00,50,OK
2026-02-16T05:53:32.983Z,51,289.00,50,SATURATED
2026-02-16T05:53:33.355Z,32,342.23,50,OK
2026-02-16T05:53:33.879Z,49,474.00,50,OK
2026-02-16T05:53:34.731Z,81,802.00,50,SATURATED
2026-02-16T05:53:35.116Z,79,335.00,50,SATURATED
2026-02-16T05:53:35.703Z,54,584.84,50,SATURATED
2026-02-16T05:53:35.854Z,25,102.00,50,OK
2026-02-16T05:53:37.117Z,60,1213.00,50,SATURATED
2026-02-16T05:53:38.766Z,118,1599.00,50,SATURATED
2026-02-16T05:53:39.116Z,99,300.00,50,SATURATED
2026-02-16T05:53:39.197Z,25,31.00,50,OK
2026-02-16T05:53:39.247Z,21,19.89,50,OK
2026-02-16T05:53:39.297Z,20,19.60,50,OK
2026-02-16T05:53:39.348Z,20,19.93,50,OK
2026-02-16T05:53:39.398Z,19,20.43,50,OK
2026-02-16T05:53:39.448Z,19,20.49,50,OK
2026-02-16T05:53:39.499Z,19,20.32,50,OK
2026-02-16T05:53:39.550Z,18,20.52,50,OK
2026-02-16T05:53:39.600Z,15,20.28,50,OK
2026-02-16T05:53:39.651Z,15,20.77,50,OK
2026-02-16T05:53:39.702Z,15,20.32,50,OK
2026-02-16T05:53:39.752Z,15,20.64,50,OK
2026-02-16T05:53:39.889Z,21,87.00,50,OK
2026-02-16T05:53:40.362Z,52,423.00,50,SATURATED
2026-02-16T05:53:41.843Z,125,1431.00,50,SATURATED
2026-02-16T05:53:42.588Z,119,695.00,50,SATURATED
2026-02-16T05:53:42.775Z,74,137.00,50,SATURATED
2026-02-16T05:53:42.929Z,24,104.00,50,OK
2026-02-16T05:53:44.097Z,71,1118.00,50,SATURATED
2026-02-16T05:53:45.007Z,133,860.00,50,SATURATED
2026-02-16T05:53:45.154Z,90,97.00,50,SATURATED
2026-02-16T05:53:45.869Z,66,665.00,50,SATURATED
2026-02-16T05:53:46.049Z,35,130.00,50,OK
2026-02-16T05:53:46.625Z,65,575.93,50,SATURATED
2026-02-16T05:53:47.623Z,74,948.00,50,SATURATED
2026-02-16T05:53:48.566Z,86,893.00,50,SATURATED
2026-02-16T05:53:49.327Z,55,711.00,50,SATURATED
2026-02-16T05:53:49.510Z,99,133.00,50,SATURATED
2026-02-16T05:53:49.580Z,20,20.00,50,OK
2026-02-16T05:53:49.700Z,28,119.05,50,OK
2026-02-16T05:53:50.342Z,55,592.00,50,SATURATED
2026-02-16T05:53:50.614Z,37,222.00,50,OK
2026-02-16T05:53:51.867Z,120,1203.00,50,SATURATED
2026-02-16T05:53:52.395Z,137,478.00,50,SATURATED
2026-02-16T05:53:52.566Z,41,121.00,50,OK
2026-02-16T05:53:52.616Z,16,20.20,50,OK
2026-02-16T05:53:52.667Z,16,20.65,50,OK
2026-02-16T05:53:52.716Z,16,20.30,50,OK
2026-02-16T05:53:52.767Z,16,20.23,50,OK
2026-02-16T05:53:52.817Z,16,20.28,50,OK
2026-02-16T05:53:52.867Z,15,20.34,50,OK
2026-02-16T05:53:52.981Z,21,109.28,50,OK
2026-02-16T05:53:53.032Z,15,20.29,50,OK
2026-02-16T05:53:53.185Z,16,103.00,50,OK
2026-02-16T05:53:53.622Z,40,387.00,50,OK
2026-02-16T05:53:55.002Z,132,1330.00,50,SATURATED
2026-02-16T05:53:55.564Z,131,512.00,50,SATURATED
2026-02-16T05:53:55.834Z,87,220.00,50,SATURATED
2026-02-16T05:53:56.022Z,17,138.00,50,OK
2026-02-16T05:53:56.140Z,39,117.60,50,OK
2026-02-16T05:53:56.470Z,46,280.00,50,OK
2026-02-16T05:53:56.603Z,16,83.00,50,OK
2026-02-16T05:53:56.960Z,50,307.00,50,SATURATED
2026-02-16T05:53:57.411Z,97,401.00,50,SATURATED
2026-02-16T05:53:57.791Z,65,330.00,50,SATURATED
2026-02-16T05:53:58.877Z,56,1036.00,50,SATURATED
2026-02-16T05:54:00.907Z,143,1980.00,50,SATURATED
2026-02-16T05:54:01.460Z,137,503.00,50,SATURATED
2026-02-16T05:54:01.553Z,92,43.00,50,SATURATED
2026-02-16T05:54:01.615Z,8,39.83,50,OK
2026-02-16T05:54:01.666Z,7,20.09,50,OK
2026-02-16T05:54:01.716Z,8,20.38,50,OK
2026-02-16T05:54:01.766Z,7,20.11,50,OK
2026-02-16T05:54:01.818Z,8,20.73,50,OK
2026-02-16T05:54:01.868Z,7,20.43,50,OK
2026-02-16T05:54:01.920Z,8,19.98,50,OK
2026-02-16T05:54:02.155Z,11,234.55,50,OK
2026-02-16T05:54:02.363Z,43,158.00,50,OK
2026-02-16T05:54:02.413Z,12,20.19,50,OK
2026-02-16T05:54:02.465Z,15,20.26,50,OK
2026-02-16T05:54:02.516Z,13,21.83,50,OK
2026-02-16T05:54:02.889Z,31,323.00,50,OK
2026-02-16T05:54:04.161Z,94,1269.30,50,SATURATED
2026-02-16T05:54:05.739Z,129,1529.00,50,SATURATED
2026-02-16T05:54:06.200Z,114,460.72,50,SATURATED
2026-02-16T05:54:06.335Z,68,85.00,50,SATURATED
2026-02-16T05:54:06.385Z,19,0.00,50,OK
2026-02-16T05:54:06.436Z,11,20.23,50,OK
2026-02-16T05:54:06.487Z,11,20.29,50,OK
2026-02-16T05:54:06.648Z,13,79.69,50,OK
2026-02-16T05:54:06.699Z,9,20.19,50,OK
2026-02-16T05:54:06.881Z,19,22.91,50,OK
2026-02-16T05:54:07.358Z,53,476.45,50,SATURATED
2026-02-16T05:54:08.965Z,72,1557.00,50,SATURATED
2026-02-16T05:54:10.457Z,116,1442.00,50,SATURATED
2026-02-16T05:54:11.128Z,129,621.00,50,SATURATED
2026-02-16T05:54:11.207Z,35,29.00,50,OK
2026-02-16T05:54:11.257Z,14,20.33,50,OK
2026-02-16T05:54:11.307Z,14,20.21,50,OK
2026-02-16T05:54:11.358Z,11,20.06,50,OK
2026-02-16T05:54:11.407Z,11,20.19,50,OK
2026-02-16T05:54:11.572Z,11,20.45,50,OK
2026-02-16T05:54:12.182Z,57,609.48,50,SATURATED
2026-02-16T05:54:13.075Z,69,843.00,50,SATURATED
2026-02-16T05:54:14.014Z,92,889.00,50,SATURATED
2026-02-16T05:54:14.535Z,80,471.00,50,SATURATED
2026-02-16T05:54:15.183Z,79,598.00,50,SATURATED
2026-02-16T05:54:16.391Z,82,1158.00,50,SATURATED
2026-02-16T05:54:18.510Z,127,2069.00,50,SATURATED
2026-02-16T05:54:19.222Z,140,662.00,50,SATURATED
2026-02-16T05:54:19.276Z,94,4.00,50,SATURATED
2026-02-16T05:54:19.329Z,15,3.00,50,OK
2026-02-16T05:54:19.380Z,14,20.03,50,OK
2026-02-16T05:54:19.431Z,14,20.58,50,OK
2026-02-16T05:54:19.482Z,14,20.31,50,OK
2026-02-16T05:54:19.628Z,13,133.86,50,OK
2026-02-16T05:54:21.013Z,51,1335.00,50,SATURATED
2026-02-16T05:54:23.393Z,129,2379.22,50,SATURATED
2026-02-16T05:54:23.553Z,120,110.00,50,SATURATED
2026-02-16T05:54:23.610Z,72,7.00,50,SATURATED
2026-02-16T05:54:23.660Z,12,20.96,50,OK
2026-02-16T05:54:23.710Z,12,20.19,50,OK
2026-02-16T05:54:23.760Z,12,20.37,50,OK
2026-02-16T05:54:23.810Z,10,20.73,50,OK
2026-02-16T05:54:23.861Z,10,20.23,50,OK
2026-02-16T05:54:23.911Z,9,20.19,50,OK
2026-02-16T05:54:23.962Z,8,20.34,50,OK
2026-02-16T05:54:24.013Z,8,20.53,50,OK
2026-02-16T05:54:24.062Z,8,20.21,50,OK
2026-02-16T05:54:24.112Z,9,20.26,50,OK
2026-02-16T05:54:24.163Z,9,20.31,50,OK
2026-02-16T05:54:24.212Z,9,20.24,50,OK
2026-02-16T05:54:24.262Z,9,20.28,50,OK
2026-02-16T05:54:24.313Z,9,20.28,50,OK
2026-02-16T05:54:24.363Z,9,20.23,50,OK
2026-02-16T05:54:24.500Z,9,127.96,50,OK
2026-02-16T05:54:25.351Z,71,801.00,50,SATURATED
2026-02-16T05:54:26.486Z,132,1085.00,50,SATURATED
2026-02-16T05:54:26.642Z,100,106.00,50,SATURATED
2026-02-16T05:54:26.711Z,19,43.89,50,OK
2026-02-16T05:54:26.761Z,18,19.98,50,OK
2026-02-16T05:54:26.811Z,17,20.23,50,OK
2026-02-16T05:54:26.861Z,17,20.41,50,OK
2026-02-16T05:54:26.912Z,17,20.23,50,OK
2026-02-16T05:54:26.962Z,17,20.38,50,OK
2026-02-16T05:54:27.013Z,17,20.19,50,OK
2026-02-16T05:54:27.063Z,16,20.95,50,OK
2026-02-16T05:54:27.114Z,16,20.37,50,OK
2026-02-16T05:54:27.165Z,16,20.03,50,OK
2026-02-16T05:54:27.215Z,16,20.46,50,OK
2026-02-16T05:54:27.266Z,16,20.81,50,OK
2026-02-16T05:54:27.318Z,16,20.37,50,OK
2026-02-16T05:54:27.478Z,16,158.01,50,OK
2026-02-16T05:54:27.809Z,46,281.00,50,OK
2026-02-16T05:54:29.843Z,140,1984.00,50,SATURATED
2026-02-16T05:54:30.490Z,130,597.00,50,SATURATED
2026-02-16T05:54:30.562Z,35,22.00,50,OK
2026-02-16T05:54:30.613Z,10,19.88,50,OK
2026-02-16T05:54:30.664Z,10,20.34,50,OK
2026-02-16T05:54:30.714Z,10,20.14,50,OK
2026-02-16T05:54:30.765Z,10,20.82,50,OK
2026-02-16T05:54:30.815Z,10,20.18,50,OK
2026-02-16T05:54:30.964Z,10,136.64,50,OK
2026-02-16T05:54:31.435Z,34,421.00,50,OK
2026-02-16T05:54:32.073Z,35,588.00,50,OK
2026-02-16T05:54:33.191Z,128,1068.00,50,SATURATED
2026-02-16T05:54:33.776Z,122,535.00,50,SATURATED
2026-02-16T05:54:34.033Z,75,207.00,50,SATURATED
2026-02-16T05:54:34.083Z,25,20.19,50,OK
2026-02-16T05:54:34.133Z,25,20.21,50,OK
2026-02-16T05:54:34.182Z,26,20.91,50,OK
2026-02-16T05:54:34.438Z,36,206.00,50,OK
2026-02-16T05:54:34.676Z,61,188.00,50,SATURATED
2026-02-16T05:54:34.801Z,23,75.00,50,OK
2026-02-16T05:54:35.130Z,43,279.00,50,OK
2026-02-16T05:54:35.810Z,97,630.00,50,SATURATED
2026-02-16T05:54:36.080Z,118,220.00,50,SATURATED
2026-02-16T05:54:36.149Z,23,19.00,50,OK
2026-02-16T05:54:36.259Z,27,110.13,50,OK
2026-02-16T05:54:36.310Z,22,20.19,50,OK
2026-02-16T05:54:36.360Z,22,20.23,50,OK
2026-02-16T05:54:36.411Z,22,20.48,50,OK
2026-02-16T05:54:36.464Z,24,20.36,50,OK
2026-02-16T05:54:36.611Z,27,146.60,50,OK
2026-02-16T05:54:36.661Z,17,20.28,50,OK
2026-02-16T05:54:36.712Z,17,20.16,50,OK
2026-02-16T05:54:36.762Z,17,20.57,50,OK
2026-02-16T05:54:36.811Z,18,20.28,50,OK
2026-02-16T05:54:36.944Z,27,128.22,50,OK
2026-02-16T05:54:37.169Z,39,175.00,50,OK
2026-02-16T05:54:38.282Z,126,1063.00,50,SATURATED
2026-02-16T05:54:39.539Z,125,1207.00,50,SATURATED
2026-02-16T05:54:40.577Z,138,988.00,50,SATURATED
2026-02-16T05:54:41.164Z,148,537.00,50,SATURATED
2026-02-16T05:54:41.449Z,115,235.00,50,SATURATED
2026-02-16T05:54:41.648Z,72,149.00,50,SATURATED
2026-02-16T05:54:42.246Z,70,548.00,50,SATURATED
2026-02-16T05:54:43.132Z,71,836.00,50,SATURATED
2026-02-16T05:54:44.204Z,125,1022.00,50,SATURATED
2026-02-16T05:54:45.783Z,178,1529.00,50,SATURATED
2026-02-16T05:54:46.793Z,194,960.00,50,SATURATED
2026-02-16T05:54:46.847Z,177,4.00,50,SATURATED
2026-02-16T05:54:46.994Z,178,97.00,50,SATURATED
2026-02-16T05:54:47.077Z,81,33.00,50,SATURATED
2026-02-16T05:54:47.126Z,22,30.61,50,OK
2026-02-16T05:54:47.177Z,22,20.28,50,OK
2026-02-16T05:54:47.227Z,20,20.18,50,OK
2026-02-16T05:54:47.278Z,20,20.38,50,OK
2026-02-16T05:54:47.430Z,20,103.00,50,OK
2026-02-16T05:54:47.536Z,17,106.14,50,OK
2026-02-16T05:54:47.586Z,15,20.36,50,OK
2026-02-16T05:54:47.637Z,15,20.49,50,OK
2026-02-16T05:54:47.688Z,14,20.68,50,OK
2026-02-16T05:54:47.858Z,14,20.23,50,OK
2026-02-16T05:54:48.944Z,70,1084.75,50,SATURATED
2026-02-16T05:54:51.526Z,218,2532.00,50,SATURATED
2026-02-16T05:54:52.056Z,212,480.00,50,SATURATED
2026-02-16T05:54:52.348Z,198,242.00,50,SATURATED
2026-02-16T05:54:52.814Z,156,416.00,50,SATURATED
2026-02-16T05:54:53.928Z,146,1064.00,50,SATURATED
2026-02-16T05:54:56.310Z,266,2332.00,50,SATURATED
2026-02-16T05:54:57.021Z,293,710.67,50,SATURATED
2026-02-16T05:54:57.409Z,269,338.00,50,SATURATED
2026-02-16T05:54:57.783Z,277,324.00,50,SATURATED
2026-02-16T05:54:57.967Z,187,134.00,50,SATURATED
2026-02-16T05:54:58.026Z,139,9.00,50,SATURATED
2026-02-16T05:54:58.969Z,85,893.00,50,SATURATED
2026-02-16T05:55:01.187Z,173,2217.74,50,SATURATED
2026-02-16T05:55:04.396Z,322,3159.00,50,SATURATED
2026-02-16T05:55:06.096Z,358,1650.00,50,SATURATED
2026-02-16T05:55:07.035Z,396,889.00,50,SATURATED
2026-02-16T05:55:07.305Z,369,220.00,50,SATURATED
2026-02-16T05:55:08.105Z,373,750.00,50,SATURATED
2026-02-16T05:55:08.568Z,379,413.00,50,SATURATED
2026-02-16T05:55:09.231Z,386,613.00,50,SATURATED
2026-02-16T05:55:09.867Z,386,586.00,50,SATURATED
2026-02-16T05:55:10.162Z,389,245.00,50,SATURATED
2026-02-16T05:55:10.229Z,342,66.80,50,SATURATED
2026-02-16T05:55:10.827Z,277,548.00,50,SATURATED
2026-02-16T05:55:11.225Z,239,396.75,50,SATURATED
2026-02-16T05:55:12.458Z,275,1183.00,50,SATURATED
2026-02-16T05:55:15.076Z,418,2568.00,50,SATURATED
2026-02-16T05:55:15.970Z,433,844.00,50,SATURATED
2026-02-16T05:55:16.020Z,391,0.00,50,SATURATED
2026-02-16T05:55:16.107Z,291,37.00,50,SATURATED
2026-02-16T05:55:16.167Z,267,58.34,50,SATURATED
2026-02-16T05:55:16.521Z,239,304.00,50,SATURATED
2026-02-16T05:55:16.605Z,142,34.00,50,SATURATED
2026-02-16T05:55:16.656Z,93,1.00,50,SATURATED
2026-02-16T05:55:16.706Z,19,30.53,50,OK
2026-02-16T05:55:16.757Z,19,19.86,50,OK
2026-02-16T05:55:16.807Z,18,20.16,50,OK
2026-02-16T05:55:16.857Z,18,20.03,50,OK
2026-02-16T05:55:16.907Z,18,20.01,50,OK
2026-02-16T05:55:16.957Z,18,20.43,50,OK
2026-02-16T05:55:17.108Z,17,139.66,50,OK
2026-02-16T05:55:19.366Z,149,2208.00,50,SATURATED
2026-02-16T05:55:23.175Z,411,3759.00,50,SATURATED
2026-02-16T05:55:23.800Z,413,623.64,50,SATURATED
2026-02-16T05:55:23.942Z,367,93.00,50,SATURATED
2026-02-16T05:55:23.994Z,318,2.00,50,SATURATED
2026-02-16T05:55:24.076Z,233,32.00,50,SATURATED
2026-02-16T05:55:24.147Z,133,36.03,50,SATURATED
2026-02-16T05:55:24.543Z,41,40.88,50,OK
2026-02-16T05:55:25.001Z,57,457.05,50,SATURATED
2026-02-16T05:55:26.442Z,112,1391.00,50,SATURATED
2026-02-16T05:55:30.378Z,397,3886.00,50,SATURATED
2026-02-16T05:55:31.833Z,421,1405.00,50,SATURATED
2026-02-16T05:55:32.449Z,436,566.00,50,SATURATED
2026-02-16T05:55:32.636Z,341,137.00,50,SATURATED
2026-02-16T05:55:32.689Z,292,51.53,50,SATURATED
2026-02-16T05:55:32.874Z,192,135.00,50,SATURATED
2026-02-16T05:55:33.339Z,182,465.44,50,SATURATED
2026-02-16T05:55:33.498Z,142,109.00,50,SATURATED
2026-02-16T05:55:34.254Z,138,706.00,50,SATURATED
2026-02-16T05:55:38.343Z,315,4039.00,50,SATURATED
2026-02-16T05:55:43.222Z,421,4829.00,50,SATURATED
2026-02-16T05:55:44.049Z,429,826.54,50,SATURATED
2026-02-16T05:55:44.567Z,392,468.00,50,SATURATED
2026-02-16T05:55:46.226Z,388,1609.00,50,SATURATED
2026-02-16T05:55:49.810Z,431,3534.00,50,SATURATED
2026-02-16T05:55:51.282Z,435,1422.00,50,SATURATED
2026-02-16T05:55:52.575Z,436,1243.00,50,SATURATED
2026-02-16T05:55:53.626Z,437,1001.00,50,SATURATED
2026-02-16T05:55:54.541Z,418,865.00,50,SATURATED
2026-02-16T05:55:54.816Z,390,225.00,50,SATURATED
2026-02-16T05:55:55.448Z,387,582.00,50,SATURATED
2026-02-16T05:55:55.518Z,342,20.00,50,SATURATED
2026-02-16T05:55:55.570Z,292,52.28,50,SATURATED
2026-02-16T05:55:56.066Z,260,446.00,50,SATURATED
2026-02-16T05:55:57.391Z,282,1275.00,50,SATURATED
2026-02-16T05:55:59.916Z,423,2475.00,50,SATURATED
2026-02-16T05:56:01.488Z,434,1522.00,50,SATURATED
2026-02-16T05:56:02.346Z,439,858.00,50,SATURATED
2026-02-16T05:56:02.408Z,393,12.00,50,SATURATED
2026-02-16T05:56:02.505Z,293,47.00,50,SATURATED
2026-02-16T05:56:02.696Z,248,190.78,50,SATURATED
2026-02-16T05:56:03.461Z,237,715.00,50,SATURATED
2026-02-16T05:56:05.846Z,284,2335.00,50,SATURATED
2026-02-16T05:56:08.017Z,424,2121.00,50,SATURATED
2026-02-16T05:56:09.173Z,432,1106.00,50,SATURATED
2026-02-16T05:56:09.787Z,434,613.68,50,SATURATED
2026-02-16T05:56:09.837Z,388,0.00,50,SATURATED
2026-02-16T05:56:09.935Z,288,47.53,50,SATURATED
2026-02-16T05:56:10.016Z,189,38.72,50,SATURATED
2026-02-16T05:56:10.101Z,89,37.24,50,SATURATED
2026-02-16T05:56:10.150Z,9,30.65,50,OK
2026-02-16T05:56:10.200Z,11,21.12,50,OK
2026-02-16T05:56:10.312Z,13,62.00,50,OK
2026-02-16T05:56:11.049Z,33,687.00,50,OK
2026-02-16T05:56:13.437Z,272,2338.00,50,SATURATED
2026-02-16T05:56:14.880Z,381,1393.00,50,SATURATED
2026-02-16T05:56:15.281Z,359,351.00,50,SATURATED
2026-02-16T05:56:15.332Z,312,49.20,50,SATURATED
2026-02-16T05:56:15.391Z,262,9.00,50,SATURATED
2026-02-16T05:56:15.468Z,212,27.00,50,SATURATED
2026-02-16T05:56:15.523Z,163,5.00,50,SATURATED
2026-02-16T05:56:15.626Z,64,44.74,50,SATURATED
2026-02-16T05:56:15.683Z,24,42.84,50,OK
2026-02-16T05:56:15.733Z,15,20.29,50,OK
2026-02-16T05:56:15.784Z,15,20.55,50,OK
2026-02-16T05:56:15.833Z,15,20.50,50,OK
2026-02-16T05:56:15.883Z,15,20.23,50,OK
2026-02-16T05:56:16.135Z,19,236.00,50,OK
2026-02-16T05:56:16.266Z,43,81.00,50,OK
2026-02-16T05:56:16.327Z,26,20.59,50,OK
2026-02-16T05:56:16.449Z,26,72.00,50,OK
2026-02-16T05:56:17.130Z,87,631.00,50,SATURATED
2026-02-16T05:56:18.755Z,224,1575.00,50,SATURATED
2026-02-16T05:56:19.936Z,250,1131.00,50,SATURATED
2026-02-16T05:56:20.529Z,277,543.00,50,SATURATED
2026-02-16T05:56:20.676Z,231,97.00,50,SATURATED
2026-02-16T05:56:20.761Z,133,48.35,50,SATURATED
2026-02-16T05:56:20.828Z,33,38.85,50,OK
2026-02-16T05:56:20.879Z,15,20.28,50,OK
2026-02-16T05:56:20.929Z,15,19.78,50,OK
2026-02-16T05:56:21.080Z,26,122.52,50,OK
2026-02-16T05:56:21.289Z,39,159.00,50,OK
2026-02-16T05:56:21.339Z,21,20.60,50,OK
2026-02-16T05:56:21.390Z,20,20.46,50,OK
2026-02-16T05:56:21.440Z,20,20.14,50,OK
2026-02-16T05:56:21.491Z,20,20.26,50,OK
2026-02-16T05:56:21.543Z,23,19.98,50,OK
2026-02-16T05:56:21.847Z,36,293.73,50,OK
2026-02-16T05:56:24.047Z,183,2150.00,50,SATURATED
2026-02-16T05:56:25.331Z,200,1234.00,50,SATURATED
2026-02-16T05:56:25.842Z,169,511.05,50,SATURATED
2026-02-16T05:56:26.216Z,148,324.00,50,SATURATED
2026-02-16T05:56:26.302Z,50,36.00,50,SATURATED
2026-02-16T05:56:26.432Z,7,64.75,50,OK
2026-02-16T05:56:26.670Z,32,189.00,50,OK
2026-02-16T05:56:26.720Z,6,20.46,50,OK
2026-02-16T05:56:26.771Z,6,20.39,50,OK
2026-02-16T05:56:26.821Z,6,20.34,50,OK
2026-02-16T05:56:27.020Z,8,19.70,50,OK
2026-02-16T05:56:27.578Z,28,558.10,50,OK
2026-02-16T05:56:28.685Z,112,1057.00,50,SATURATED
2026-02-16T05:56:29.382Z,98,647.00,50,SATURATED
2026-02-16T05:56:29.636Z,60,204.00,50,SATURATED
2026-02-16T05:56:29.686Z,25,19.49,50,OK
2026-02-16T05:56:29.737Z,23,19.75,50,OK
2026-02-16T05:56:29.787Z,22,20.98,50,OK
2026-02-16T05:56:29.838Z,19,21.00,50,OK
2026-02-16T05:56:29.887Z,19,20.21,50,OK
2026-02-16T05:56:30.013Z,21,76.00,50,OK
2026-02-16T05:56:30.229Z,30,166.00,50,OK
2026-02-16T05:56:30.361Z,22,82.00,50,OK
2026-02-16T05:56:30.506Z,19,72.16,50,OK
2026-02-16T05:56:30.627Z,44,71.00,50,OK
2026-02-16T05:56:30.789Z,31,142.80,50,OK
2026-02-16T05:56:31.037Z,36,198.00,50,OK
2026-02-16T05:56:31.157Z,24,70.00,50,OK
2026-02-16T05:56:31.207Z,15,20.11,50,OK
2026-02-16T05:56:31.257Z,15,20.33,50,OK
2026-02-16T05:56:31.308Z,15,19.85,50,OK
2026-02-16T05:56:31.493Z,16,20.64,50,OK
2026-02-16T05:56:31.776Z,27,282.72,50,OK
2026-02-16T05:56:32.447Z,42,621.00,50,OK
2026-02-16T05:56:32.872Z,55,375.00,50,SATURATED
2026-02-16T05:56:32.923Z,13,19.80,50,OK
2026-02-16T05:56:32.974Z,13,20.29,50,OK
2026-02-16T05:56:33.023Z,13,19.75,50,OK
2026-02-16T05:56:33.074Z,13,20.29,50,OK
2026-02-16T05:56:33.124Z,13,20.93,50,OK
2026-02-16T05:56:33.175Z,12,19.34,50,OK
2026-02-16T05:56:33.225Z,12,20.35,50,OK
2026-02-16T05:56:33.365Z,14,91.00,50,OK
2026-02-16T05:56:33.415Z,12,20.47,50,OK
2026-02-16T05:56:33.478Z,18,20.75,50,OK
2026-02-16T05:56:33.528Z,12,20.46,50,OK
2026-02-16T05:56:33.579Z,12,20.34,50,OK
2026-02-16T05:56:33.630Z,12,20.55,50,OK
2026-02-16T05:56:33.794Z,13,152.76,50,OK
2026-02-16T05:56:33.844Z,10,20.46,50,OK
2026-02-16T05:56:33.897Z,14,20.47,50,OK
2026-02-16T05:56:34.276Z,24,329.00,50,OK
2026-02-16T05:56:34.520Z,19,241.89,50,OK
2026-02-16T05:56:34.835Z,20,265.00,50,OK
2026-02-16T05:56:34.950Z,15,65.00,50,OK
2026-02-16T05:56:35.001Z,5,20.18,50,OK
2026-02-16T05:56:35.051Z,5,20.31,50,OK
2026-02-16T05:56:35.102Z,5,20.00,50,OK
2026-02-16T05:56:35.153Z,5,19.87,50,OK
2026-02-16T05:56:35.204Z,5,20.50,50,OK
2026-02-16T05:56:35.254Z,5,20.09,50,OK
2026-02-16T05:56:35.436Z,5,161.55,50,OK
2026-02-16T05:56:35.486Z,5,20.24,50,OK
2026-02-16T05:56:35.657Z,10,22.01,50,OK
2026-02-16T05:56:35.707Z,5,20.28,50,OK
2026-02-16T05:56:35.758Z,5,20.31,50,OK
2026-02-16T05:56:35.808Z,3,20.41,50,OK
2026-02-16T05:56:35.992Z,5,19.42,50,OK
2026-02-16T05:56:36.094Z,13,52.00,50,OK
2026-02-16T05:56:36.284Z,4,20.32,50,OK
2026-02-16T05:56:36.334Z,3,20.08,50,OK
2026-02-16T05:56:36.385Z,3,20.32,50,OK
2026-02-16T05:56:36.436Z,3,20.36,50,OK
2026-02-16T05:56:36.486Z,3,20.72,50,OK
2026-02-16T05:56:36.538Z,3,20.90,50,OK
2026-02-16T05:56:36.589Z,2,20.05,50,OK
2026-02-16T05:56:36.639Z,2,20.18,50,OK
2026-02-16T05:56:36.690Z,2,19.85,50,OK
2026-02-16T05:56:36.741Z,1,21.54,50,OK
2026-02-16T05:56:36.792Z,1,20.33,50,OK
2026-02-16T05:56:36.842Z,1,20.85,50,OK
2026-02-16T05:56:36.892Z,1,20.59,50,OK
2026-02-16T05:56:36.943Z,1,20.28,50,OK
2026-02-16T05:56:36.993Z,1,20.00,50,OK
2026-02-16T05:56:37.044Z,2,20.34,50,OK
2026-02-16T05:56:37.094Z,2,20.32,50,OK
2026-02-16T05:56:37.215Z,3,119.77,50,OK
2026-02-16T05:56:37.264Z,2,20.31,50,OK
2026-02-16T05:56:37.457Z,2,181.08,50,OK
2026-02-16T05:56:37.508Z,3,20.26,50,OK
2026-02-16T05:56:37.558Z,3,20.42,50,OK
2026-02-16T05:56:37.609Z,3,19.71,50,OK
2026-02-16T05:56:37.659Z,3,20.41,50,OK
2026-02-16T05:56:37.710Z,3,20.33,50,OK
2026-02-16T05:56:37.759Z,3,20.36,50,OK
2026-02-16T05:56:37.809Z,3,20.31,50,OK
2026-02-16T05:56:37.953Z,3,94.00,50,OK
2026-02-16T05:56:38.003Z,2,20.18,50,OK
2026-02-16T05:56:38.054Z,2,20.18,50,OK
2026-02-16T05:56:38.105Z,2,20.50,50,OK
2026-02-16T05:56:38.155Z,2,20.50,50,OK
2026-02-16T05:56:38.205Z,2,20.47,50,OK
2026-02-16T05:56:38.255Z,2,20.36,50,OK
2026-02-16T05:56:38.305Z,2,20.43,50,OK
2026-02-16T05:56:38.356Z,2,20.46,50,OK
2026-02-16T05:56:38.405Z,2,20.46,50,OK
2026-02-16T05:56:38.456Z,2,20.36,50,OK
2026-02-16T05:56:38.507Z,2,19.97,50,OK
2026-02-16T05:56:38.557Z,2,20.29,50,OK
2026-02-16T05:56:38.608Z,2,20.39,50,OK
2026-02-16T05:56:38.659Z,2,20.39,50,OK
2026-02-16T05:56:38.710Z,2,20.25,50,OK
2026-02-16T05:56:38.760Z,2,20.19,50,OK
2026-02-16T05:56:38.810Z,2,19.92,50,OK
2026-02-16T05:56:38.861Z,2,20.18,50,OK
2026-02-16T05:56:38.911Z,2,20.16,50,OK
2026-02-16T05:56:38.962Z,2,20.21,50,OK
2026-02-16T05:56:39.011Z,1,20.20,50,OK
2026-02-16T05:56:39.062Z,1,20.14,50,OK
2026-02-16T05:56:39.113Z,1,20.37,50,OK
2026-02-16T05:56:39.164Z,1,20.31,50,OK
2026-02-16T05:56:39.215Z,1,20.48,50,OK
2026-02-16T05:56:39.265Z,1,20.44,50,OK
2026-02-16T05:56:39.315Z,1,19.90,50,OK
2026-02-16T05:56:39.365Z,1,20.41,50,OK
2026-02-16T05:56:39.416Z,1,20.19,50,OK
2026-02-16T05:56:39.466Z,0,20.42,50,OK
2026-02-16T05:56:39.517Z,0,20.37,50,OK
2026-02-16T05:56:39.568Z,0,20.16,50,OK
2026-02-16T05:56:39.618Z,0,20.44,50,OK
2026-02-16T05:56:39.668Z,0,20.38,50,OK
2026-02-16T05:56:39.719Z,0,20.41,50,OK
2026-02-16T05:56:39.770Z,0,20.57,50,OK
2026-02-16T05:56:39.821Z,0,20.23,50,OK
2026-02-16T05:56:39.871Z,0,20.41,50,OK
2026-02-16T05:56:39.921Z,0,20.36,50,OK
2026-02-16T05:56:39.972Z,0,19.91,50,OK
2026-02-16T05:56:40.022Z,0,20.52,50,OK
2026-02-16T05:56:40.072Z,0,20.05,50,OK
2026-02-16T05:56:40.121Z,0,20.52,50,OK
2026-02-16T05:56:40.172Z,0,20.32,50,OK
2026-02-16T05:56:40.222Z,0,20.34,50,OK
2026-02-16T05:56:40.273Z,0,20.24,50,OK
2026-02-16T05:56:40.323Z,0,20.29,50,OK
2026-02-16T05:56:40.374Z,0,20.77,50,OK
2026-02-16T05:56:40.424Z,0,20.59,50,OK
2026-02-16T05:56:40.475Z,0,20.34,50,OK
2026-02-16T05:56:40.525Z,0,20.26,50,OK
2026-02-16T05:56:40.575Z,0,20.08,50,OK
2026-02-16T05:56:40.626Z,0,20.18,50,OK
2026-02-16T05:56:40.677Z,0,20.02,50,OK
2026-02-16T05:56:40.728Z,0,20.37,50,OK
2026-02-16T05:56:40.779Z,0,20.20,50,OK
2026-02-16T05:56:40.830Z,0,20.21,50,OK
2026-02-16T05:56:40.880Z,0,20.37,50,OK
2026-02-16T05:56:40.931Z,0,20.19,50,OK
2026-02-16T05:56:40.981Z,0,20.66,50,OK
2026-02-16T05:56:41.031Z,0,20.52,50,OK
2026-02-16T05:56:41.081Z,0,20.27,50,OK
2026-02-16T05:56:41.131Z,0,19.85,50,OK
2026-02-16T05:56:41.182Z,0,19.76,50,OK
2026-02-16T05:56:41.233Z,0,20.26,50,OK
2026-02-16T05:56:41.283Z,0,21.09,50,OK
2026-02-16T05:56:41.334Z,0,20.36,50,OK
2026-02-16T05:56:41.385Z,0,20.13,50,OK
2026-02-16T05:56:41.435Z,0,20.44,50,OK
2026-02-16T05:56:41.485Z,0,20.19,50,OK
2026-02-16T05:56:41.535Z,0,20.31,50,OK
2026-02-16T05:56:41.586Z,0,20.49,50,OK
2026-02-16T05:56:41.636Z,0,20.19,50,OK
2026-02-16T05:56:41.687Z,0,20.28,50,OK
2026-02-16T05:56:41.736Z,0,20.32,50,OK
2026-02-16T05:56:41.786Z,0,20.64,50,OK
2026-02-16T05:56:41.837Z,0,20.55,50,OK
2026-02-16T05:56:41.887Z,0,20.93,50,OK
2026-02-16T05:56:41.937Z,0,20.42,50,OK
2026-02-16T05:56:41.988Z,0,20.19,50,OK
2026-02-16T05:56:42.038Z,0,20.39,50,OK
2026-02-16T05:56:42.087Z,0,20.83,50,OK
2026-02-16T05:56:42.138Z,0,20.38,50,OK
2026-02-16T05:56:42.187Z,0,21.08,50,OK
2026-02-16T05:56:42.238Z,0,20.41,50,OK
2026-02-16T05:56:42.289Z,0,21.01,50,OK
2026-02-16T05:56:42.339Z,0,20.31,50,OK
2026-02-16T05:56:42.390Z,0,20.08,50,OK
2026-02-16T05:56:42.440Z,0,20.55,50,OK
2026-02-16T05:56:42.490Z,0,20.28,50,OK
2026-02-16T05:56:42.541Z,0,20.37,50,OK
2026-02-16T05:56:42.592Z,0,20.19,50,OK
2026-02-16T05:56:42.642Z,0,20.55,50,OK
2026-02-16T05:56:42.693Z,0,21.18,50,OK
2026-02-16T05:56:42.743Z,0,20.32,50,OK
2026-02-16T05:56:42.793Z,0,20.17,50,OK
2026-02-16T05:56:42.843Z,0,20.26,50,OK
2026-02-16T05:56:42.894Z,0,20.61,50,OK
2026-02-16T05:56:42.945Z,0,20.26,50,OK
2026-02-16T05:56:42.994Z,0,20.57,50,OK
2026-02-16T05:56:43.045Z,0,20.28,50,OK
2026-02-16T05:56:43.095Z,0,20.42,50,OK
2026-02-16T05:56:43.146Z,0,20.28,50,OK
2026-02-16T05:56:43.196Z,0,20.45,50,OK
2026-02-16T05:56:43.246Z,0,20.54,50,OK
2026-02-16T05:56:43.297Z,0,20.24,50,OK
2026-02-16T05:56:43.347Z,0,20.39,50,OK
2026-02-16T05:56:43.397Z,0,20.80,50,OK
2026-02-16T05:56:43.447Z,0,20.17,50,OK
2026-02-16T05:56:43.498Z,0,21.60,50,OK
2026-02-16T05:56:43.547Z,0,20.19,50,OK
2026-02-16T05:56:43.598Z,0,20.47,50,OK
2026-02-16T05:56:43.649Z,0,20.25,50,OK
2026-02-16T05:56:43.699Z,0,20.65,50,OK
2026-02-16T05:56:43.750Z,0,20.41,50,OK
2026-02-16T05:56:43.799Z,0,20.87,50,OK
2026-02-16T05:56:43.850Z,0,20.44,50,OK
2026-02-16T05:56:43.900Z,0,20.26,50,OK
2026-02-16T05:56:43.950Z,0,20.43,50,OK
2026-02-16T05:56:44.001Z,0,19.82,50,OK
2026-02-16T05:56:44.052Z,0,20.46,50,OK
2026-02-16T05:56:44.102Z,0,19.82,50,OK
2026-02-16T05:56:44.153Z,0,20.41,50,OK
2026-02-16T05:56:44.204Z,0,20.39,50,OK
2026-02-16T05:56:44.255Z,0,20.43,50,OK
2026-02-16T05:56:44.305Z,0,19.91,50,OK
2026-02-16T05:56:44.355Z,0,20.35,50,OK
2026-02-16T05:56:44.405Z,0,20.95,50,OK
2026-02-16T05:56:44.455Z,0,20.43,50,OK
2026-02-16T05:56:44.505Z,0,20.21,50,OK
2026-02-16T05:56:44.556Z,0,20.55,50,OK
2026-02-16T05:56:44.605Z,0,20.93,50,OK
2026-02-16T05:56:44.655Z,0,20.36,50,OK
2026-02-16T05:56:44.706Z,0,20.68,50,OK
2026-02-16T05:56:44.757Z,0,20.55,50,OK
2026-02-16T05:56:44.807Z,0,20.18,50,OK
2026-02-16T05:56:44.856Z,0,20.37,50,OK
2026-02-16T05:56:44.907Z,0,20.58,50,OK
2026-02-16T05:56:44.958Z,0,20.46,50,OK
2026-02-16T05:56:45.009Z,0,20.18,50,OK
2026-02-16T05:56:45.060Z,0,20.55,50,OK
2026-02-16T05:56:45.110Z,0,20.95,50,OK
2026-02-16T05:56:45.160Z,0,20.17,50,OK
2026-02-16T05:56:45.210Z,0,20.93,50,OK
2026-02-16T05:56:45.261Z,0,20.26,50,OK
2026-02-16T05:56:45.311Z,0,19.78,50,OK
2026-02-16T05:56:45.361Z,0,20.25,50,OK
2026-02-16T05:56:45.412Z,0,20.54,50,OK
2026-02-16T05:56:45.463Z,0,20.62,50,OK
2026-02-16T05:56:45.513Z,0,20.00,50,OK
2026-02-16T05:56:45.563Z,0,20.42,50,OK
2026-02-16T05:56:45.613Z,0,20.96,50,OK
2026-02-16T05:56:45.664Z,0,20.39,50,OK
2026-02-16T05:56:45.714Z,0,21.09,50,OK
2026-02-16T05:56:45.763Z,0,20.30,50,OK
2026-02-16T05:56:45.814Z,0,19.90,50,OK
2026-02-16T05:56:45.864Z,0,20.51,50,OK
2026-02-16T05:56:45.915Z,0,20.39,50,OK
2026-02-16T05:56:45.966Z,0,20.26,50,OK
2026-02-16T05:56:46.015Z,0,20.18,50,OK
2026-02-16T05:56:46.066Z,0,20.42,50,OK
2026-02-16T05:56:46.117Z,0,20.39,50,OK
2026-02-16T05:56:46.167Z,0,20.41,50,OK
2026-02-16T05:56:46.218Z,0,20.54,50,OK
2026-02-16T05:56:46.268Z,0,19.93,50,OK
2026-02-16T05:56:46.319Z,0,20.50,50,OK
2026-02-16T05:56:46.368Z,0,20.39,50,OK
2026-02-16T05:56:46.419Z,0,20.63,50,OK
2026-02-16T05:56:46.469Z,0,20.46,50,OK
2026-02-16T05:56:46.520Z,0,20.66,50,OK
2026-02-16T05:56:46.570Z,0,20.36,50,OK
2026-02-16T05:56:46.620Z,0,20.51,50,OK
2026-02-16T05:56:46.671Z,0,20.44,50,OK
2026-02-16T05:56:46.722Z,0,20.59,50,OK
2026-02-16T05:56:46.772Z,0,19.49,50,OK
2026-02-16T05:56:46.822Z,0,20.70,50,OK
2026-02-16T05:56:46.873Z,0,20.50,50,OK
2026-02-16T05:56:46.924Z,0,20.46,50,OK
2026-02-16T05:56:46.974Z,0,20.28,50,OK
2026-02-16T05:56:47.024Z,0,20.14,50,OK
2026-02-16T05:56:47.075Z,0,20.39,50,OK
2026-02-16T05:56:47.125Z,0,21.01,50,OK
2026-02-16T05:56:47.174Z,0,19.91,50,OK
2026-02-16T05:56:47.225Z,0,20.46,50,OK
2026-02-16T05:56:47.276Z,0,20.66,50,OK
2026-02-16T05:56:47.327Z,0,20.41,50,OK
2026-02-16T05:56:47.377Z,0,20.09,50,OK
2026-02-16T05:56:47.428Z,0,20.37,50,OK
2026-02-16T05:56:47.478Z,0,20.28,50,OK
2026-02-16T05:56:47.527Z,0,20.26,50,OK
2026-02-16T05:56:47.578Z,0,20.23,50,OK
2026-02-16T05:56:47.628Z,0,20.36,50,OK
2026-02-16T05:56:47.678Z,0,20.40,50,OK
2026-02-16T05:56:47.729Z,0,20.39,50,OK
2026-02-16T05:56:47.779Z,0,20.50,50,OK
2026-02-16T05:56:47.830Z,0,20.41,50,OK
2026-02-16T05:56:47.881Z,0,20.29,50,OK
2026-02-16T05:56:47.931Z,0,20.52,50,OK
2026-02-16T05:56:47.982Z,0,20.49,50,OK
2026-02-16T05:56:48.031Z,0,20.59,50,OK
2026-02-16T05:56:48.082Z,0,20.41,50,OK
2026-02-16T05:56:48.132Z,0,19.78,50,OK
2026-02-16T05:56:48.183Z,0,20.50,50,OK
2026-02-16T05:56:48.233Z,0,20.23,50,OK
2026-02-16T05:56:48.283Z,0,20.42,50,OK
2026-02-16T05:56:48.334Z,0,20.66,50,OK
2026-02-16T05:56:48.384Z,0,20.36,50,OK
2026-02-16T05:56:48.434Z,0,20.46,50,OK
2026-02-16T05:56:48.484Z,0,20.57,50,OK
2026-02-16T05:56:48.533Z,0,20.37,50,OK
2026-02-16T05:56:48.584Z,0,20.34,50,OK
2026-02-16T05:56:48.635Z,0,20.39,50,OK
2026-02-16T05:56:48.686Z,0,20.46,50,OK
2026-02-16T05:56:48.736Z,0,20.41,50,OK
2026-02-16T05:56:48.786Z,0,20.31,50,OK
2026-02-16T05:56:48.836Z,0,20.15,50,OK
2026-02-16T05:56:48.886Z,0,20.11,50,OK
2026-02-16T05:56:48.937Z,0,20.26,50,OK
2026-02-16T05:56:48.988Z,0,20.60,50,OK
2026-02-16T05:56:49.039Z,0,19.26,50,OK
2026-02-16T05:56:49.089Z,0,20.09,50,OK
2026-02-16T05:56:49.139Z,0,20.50,50,OK
2026-02-16T05:56:49.190Z,0,19.93,50,OK
2026-02-16T05:56:49.241Z,0,20.22,50,OK
2026-02-16T05:56:49.292Z,0,20.19,50,OK
2026-02-16T05:56:49.342Z,0,20.31,50,OK
2026-02-16T05:56:49.393Z,0,20.55,50,OK
2026-02-16T05:56:49.443Z,0,20.55,50,OK
2026-02-16T05:56:49.492Z,0,20.11,50,OK
2026-02-16T05:56:49.543Z,0,20.55,50,OK
2026-02-16T05:56:49.593Z,0,20.05,50,OK
2026-02-16T05:56:49.644Z,0,20.60,50,OK
2026-02-16T05:56:49.693Z,0,20.37,50,OK
2026-02-16T05:56:49.743Z,0,20.21,50,OK
2026-02-16T05:56:49.793Z,0,20.27,50,OK
2026-02-16T05:56:49.844Z,0,20.52,50,OK
2026-02-16T05:56:49.895Z,0,20.47,50,OK
2026-02-16T05:56:49.946Z,0,20.46,50,OK
2026-02-16T05:56:49.997Z,0,20.33,50,OK
2026-02-16T05:56:50.047Z,0,19.60,50,OK
2026-02-16T05:56:50.096Z,0,20.46,50,OK
2026-02-16T05:56:50.146Z,0,20.42,50,OK
2026-02-16T05:56:50.197Z,0,20.59,50,OK
2026-02-16T05:56:50.247Z,0,19.57,50,OK
2026-02-16T05:56:50.297Z,0,20.65,50,OK
2026-02-16T05:56:50.348Z,0,20.42,50,OK
2026-02-16T05:56:50.399Z,0,20.23,50,OK
2026-02-16T05:56:50.449Z,0,20.19,50,OK
2026-02-16T05:56:50.498Z,0,20.55,50,OK
2026-02-16T05:56:50.548Z,0,20.51,50,OK
2026-02-16T05:56:50.599Z,0,20.55,50,OK
2026-02-16T05:56:50.650Z,0,20.46,50,OK
2026-02-16T05:56:50.700Z,0,20.34,50,OK
2026-02-16T05:56:50.751Z,0,20.51,50,OK
2026-02-16T05:56:50.801Z,0,20.54,50,OK
2026-02-16T05:56:50.851Z,0,20.48,50,OK
2026-02-16T05:56:50.901Z,0,22.78,50,OK
2026-02-16T05:56:50.952Z,0,20.37,50,OK
2026-02-16T05:56:51.002Z,0,20.59,50,OK
2026-02-16T05:56:51.053Z,0,20.46,50,OK
2026-02-16T05:56:51.104Z,0,20.23,50,OK
2026-02-16T05:56:51.155Z,0,20.42,50,OK
2026-02-16T05:56:51.205Z,0,20.59,50,OK
2026-02-16T05:56:51.256Z,0,20.39,50,OK
2026-02-16T05:56:51.307Z,0,19.99,50,OK
2026-02-16T05:56:51.357Z,0,20.37,50,OK
2026-02-16T05:56:51.407Z,0,20.59,50,OK
2026-02-16T05:56:51.457Z,0,20.42,50,OK
2026-02-16T05:56:51.507Z,0,20.23,50,OK
2026-02-16T05:56:51.558Z,0,20.26,50,OK
2026-02-16T05:56:51.608Z,0,20.37,50,OK
2026-02-16T05:56:51.659Z,0,20.23,50,OK
2026-02-16T05:56:51.709Z,0,20.11,50,OK
2026-02-16T05:56:51.759Z,0,20.39,50,OK
2026-02-16T05:56:51.809Z,0,20.55,50,OK
2026-02-16T05:56:51.859Z,0,20.26,50,OK
2026-02-16T05:56:51.909Z,0,20.21,50,OK
2026-02-16T05:56:51.960Z,0,20.34,50,OK
2026-02-16T05:56:52.010Z,0,20.60,50,OK
2026-02-16T05:56:52.059Z,0,20.54,50,OK
2026-02-16T05:56:52.109Z,0,20.75,50,OK
2026-02-16T05:56:52.159Z,0,20.57,50,OK
2026-02-16T05:56:52.210Z,0,20.60,50,OK
2026-02-16T05:56:52.261Z,0,20.37,50,OK
2026-02-16T05:56:52.310Z,0,20.28,50,OK
2026-02-16T05:56:52.361Z,0,20.37,50,OK
2026-02-16T05:56:52.412Z,0,20.46,50,OK
2026-02-16T05:56:52.462Z,0,20.50,50,OK
2026-02-16T05:56:52.511Z,0,20.29,50,OK
2026-02-16T05:56:52.562Z,0,20.42,50,OK
2026-02-16T05:56:52.611Z,0,20.52,50,OK
2026-02-16T05:56:52.662Z,0,20.39,50,OK
2026-02-16T05:56:52.712Z,0,20.54,50,OK
2026-02-16T05:56:52.763Z,0,20.57,50,OK
2026-02-16T05:56:52.814Z,0,20.41,50,OK
2026-02-16T05:56:52.865Z,0,20.39,50,OK
2026-02-16T05:56:52.915Z,0,20.28,50,OK
2026-02-16T05:56:52.966Z,0,20.55,50,OK
2026-02-16T05:56:53.016Z,0,20.32,50,OK
2026-02-16T05:56:53.066Z,0,20.37,50,OK
2026-02-16T05:56:53.117Z,0,20.93,50,OK
2026-02-16T05:56:53.167Z,0,20.37,50,OK
2026-02-16T05:56:53.217Z,0,20.55,50,OK
2026-02-16T05:56:53.267Z,0,20.65,50,OK
2026-02-16T05:56:53.317Z,0,20.77,50,OK
2026-02-16T05:56:53.368Z,0,20.34,50,OK
2026-02-16T05:56:53.419Z,0,20.12,50,OK
2026-02-16T05:56:53.470Z,0,20.44,50,OK
2026-02-16T05:56:53.521Z,0,20.91,50,OK
2026-02-16T05:56:53.571Z,0,20.54,50,OK
2026-02-16T05:56:53.620Z,0,20.68,50,OK
2026-02-16T05:56:53.671Z,0,20.55,50,OK
2026-02-16T05:56:53.721Z,0,20.55,50,OK
2026-02-16T05:56:53.772Z,0,20.33,50,OK
2026-02-16T05:56:53.822Z,0,20.42,50,OK
2026-02-16T05:56:53.873Z,0,20.60,50,OK
2026-02-16T05:56:53.923Z,0,20.36,50,OK
2026-02-16T05:56:53.974Z,0,20.29,50,OK
2026-02-16T05:56:54.024Z,0,19.93,50,OK
2026-02-16T05:56:54.074Z,0,20.21,50,OK
2026-02-16T05:56:54.125Z,0,20.26,50,OK
2026-02-16T05:56:54.174Z,0,20.60,50,OK
2026-02-16T05:56:54.225Z,0,20.37,50,OK
2026-02-16T05:56:54.275Z,0,20.46,50,OK
2026-02-16T05:56:54.325Z,0,20.18,50,OK
2026-02-16T05:56:54.376Z,0,20.43,50,OK
2026-02-16T05:56:54.427Z,0,20.36,50,OK
2026-02-16T05:56:54.476Z,0,20.48,50,OK
2026-02-16T05:56:54.527Z,0,20.39,50,OK
2026-02-16T05:56:54.577Z,0,20.40,50,OK
2026-02-16T05:56:54.628Z,0,20.29,50,OK
2026-02-16T05:56:54.677Z,0,20.41,50,OK
2026-02-16T05:56:54.727Z,0,20.41,50,OK
