Timestamp,ActiveRequests,EventLoopLag_ms,PoolSize
2026-02-05T18:26:06.310Z,0,73.14,0
2026-02-05T18:26:08.326Z,1,20.58,0
2026-02-05T18:26:08.376Z,1,20.28,0
2026-02-05T18:26:08.427Z,1,20.38,0
2026-02-05T18:26:08.477Z,1,20.62,0
2026-02-05T18:26:08.527Z,1,20.75,0
2026-02-05T18:26:08.578Z,1,20.31,0
2026-02-05T18:26:08.628Z,1,20.59,0
2026-02-05T18:26:08.678Z,1,20.54,0
2026-02-05T18:26:08.729Z,1,19.97,0
2026-02-05T18:26:08.779Z,1,20.90,0
2026-02-05T18:26:08.830Z,1,19.89,0
2026-02-05T18:26:08.880Z,1,20.50,0
2026-02-05T18:26:08.931Z,1,20.00,0
2026-02-05T18:26:08.981Z,1,20.36,0
2026-02-05T18:26:09.031Z,1,20.63,0
2026-02-05T18:26:09.081Z,1,20.26,0
2026-02-05T18:26:09.131Z,1,20.55,0
2026-02-05T18:26:09.182Z,1,20.31,0
2026-02-05T18:26:09.233Z,1,20.16,0
2026-02-05T18:26:09.282Z,1,20.13,0
2026-02-05T18:26:09.332Z,1,19.87,0
2026-02-05T18:26:09.382Z,1,20.32,0
2026-02-05T18:26:09.432Z,1,20.98,0
2026-02-05T18:26:09.483Z,1,20.42,0
2026-02-05T18:26:09.534Z,1,19.87,0
2026-02-05T18:26:09.584Z,1,20.13,0
2026-02-05T18:26:09.635Z,1,20.00,0
2026-02-05T18:26:09.685Z,1,20.36,0
2026-02-05T18:26:09.735Z,1,20.06,0
2026-02-05T18:26:09.786Z,1,20.23,0
2026-02-05T18:26:09.837Z,1,20.02,0
2026-02-05T18:26:09.887Z,1,20.36,0
2026-02-05T18:26:09.937Z,1,20.11,0
2026-02-05T18:26:09.988Z,1,20.42,0
2026-02-05T18:26:10.038Z,1,19.80,0
2026-02-05T18:26:10.088Z,1,19.31,0
2026-02-05T18:26:10.138Z,1,20.71,0
2026-02-05T18:26:10.189Z,1,20.42,0
2026-02-05T18:26:10.240Z,1,20.28,0
2026-02-05T18:26:10.290Z,1,20.36,0
2026-02-05T18:26:12.363Z,1,20.22,0
2026-02-05T18:26:12.413Z,1,20.21,0
2026-02-05T18:26:12.464Z,1,20.12,0
2026-02-05T18:26:12.513Z,1,20.34,0
2026-02-05T18:26:12.564Z,1,20.12,0
2026-02-05T18:26:12.615Z,1,20.32,0
2026-02-05T18:26:12.666Z,1,20.28,0
2026-02-05T18:26:12.716Z,1,20.47,0
2026-02-05T18:26:12.767Z,1,19.89,0
2026-02-05T18:26:12.816Z,1,20.46,0
2026-02-05T18:26:12.867Z,1,20.09,0
2026-02-05T18:26:12.917Z,1,20.36,0
2026-02-05T18:26:12.966Z,1,20.36,0
2026-02-05T18:26:13.016Z,1,20.00,0
2026-02-05T18:26:13.067Z,1,20.29,0
2026-02-05T18:26:13.117Z,1,19.97,0
2026-02-05T18:26:13.168Z,1,20.34,0
2026-02-05T18:26:13.218Z,1,20.52,0
2026-02-05T18:26:13.269Z,1,20.52,0
2026-02-05T18:26:13.320Z,1,20.10,0
2026-02-05T18:26:13.370Z,1,20.09,0
2026-02-05T18:26:13.421Z,1,20.09,0
2026-02-05T18:26:13.471Z,1,20.25,0
2026-02-05T18:26:13.522Z,1,20.31,0
2026-02-05T18:26:13.572Z,2,20.36,0
2026-02-05T18:26:13.623Z,2,20.50,0
2026-02-05T18:26:13.674Z,2,20.23,0
2026-02-05T18:26:13.724Z,2,20.55,0
2026-02-05T18:26:13.773Z,2,20.87,0
2026-02-05T18:26:13.824Z,2,20.50,0
2026-02-05T18:26:13.875Z,3,19.80,0
2026-02-05T18:26:13.924Z,3,20.63,0
2026-02-05T18:26:14.099Z,3,20.08,0
2026-02-05T18:26:14.150Z,3,20.11,0
2026-02-05T18:26:14.201Z,3,20.49,0
2026-02-05T18:26:14.252Z,3,20.36,0
2026-02-05T18:26:14.302Z,3,20.24,0
2026-02-05T18:26:14.353Z,2,20.01,0
2026-02-05T18:26:14.402Z,2,20.01,0
2026-02-05T18:26:14.452Z,2,20.19,0
2026-02-05T18:26:14.503Z,2,20.08,0
2026-02-05T18:26:14.554Z,2,20.32,0
2026-02-05T18:26:14.603Z,2,20.18,0
2026-02-05T18:26:14.653Z,2,20.44,0
2026-02-05T18:26:14.704Z,2,20.24,0
2026-02-05T18:26:14.755Z,3,20.34,0
2026-02-05T18:26:14.804Z,3,20.36,0
2026-02-05T18:26:14.855Z,3,20.39,0
2026-02-05T18:26:14.904Z,3,20.36,0
2026-02-05T18:26:14.955Z,3,20.32,0
2026-02-05T18:26:15.005Z,3,20.29,0
2026-02-05T18:26:15.055Z,3,20.37,0
2026-02-05T18:26:15.105Z,3,20.26,0
2026-02-05T18:26:15.154Z,3,20.29,0
2026-02-05T18:26:15.205Z,3,20.66,0
2026-02-05T18:26:15.255Z,3,20.47,0
2026-02-05T18:26:15.306Z,3,20.75,0
2026-02-05T18:26:15.356Z,4,20.60,0
2026-02-05T18:26:15.407Z,3,20.28,0
2026-02-05T18:26:15.457Z,3,20.31,0
2026-02-05T18:26:15.507Z,3,20.46,0
2026-02-05T18:26:15.558Z,2,20.19,0
2026-02-05T18:26:15.608Z,2,20.32,0
2026-02-05T18:26:15.659Z,2,20.57,0
2026-02-05T18:26:15.710Z,2,20.31,0
2026-02-05T18:26:15.761Z,2,19.67,0
2026-02-05T18:26:15.811Z,2,20.35,0
2026-02-05T18:26:15.862Z,2,20.34,0
2026-02-05T18:26:15.912Z,1,20.46,0
2026-02-05T18:26:15.962Z,1,20.31,0
2026-02-05T18:26:16.012Z,1,19.96,0
2026-02-05T18:26:16.063Z,1,20.50,0
2026-02-05T18:26:16.112Z,1,20.83,0
2026-02-05T18:26:16.163Z,1,20.39,0
2026-02-05T18:26:16.213Z,1,20.49,0
2026-02-05T18:26:16.264Z,1,20.39,0
2026-02-05T18:26:16.314Z,1,20.51,0
2026-02-05T18:26:16.364Z,1,20.26,0
2026-02-05T18:26:16.415Z,1,20.62,0
2026-02-05T18:26:16.466Z,1,20.52,0
2026-02-05T18:26:16.516Z,1,20.46,0
2026-02-05T18:26:16.686Z,1,84.17,0
2026-02-05T18:26:16.792Z,1,NaN,0
2026-02-05T18:26:16.876Z,2,NaN,0
2026-02-05T18:26:17.705Z,0,243.07,0
2026-02-05T18:26:18.686Z,1,182.12,0
2026-02-05T18:26:18.889Z,1,20.36,0
2026-02-05T18:26:19.143Z,1,20.36,0
2026-02-05T18:26:19.297Z,1,20.42,0
2026-02-05T18:26:19.346Z,1,19.92,0
2026-02-05T18:26:19.397Z,1,20.42,0
2026-02-05T18:26:19.448Z,1,19.85,0
2026-02-05T18:26:19.498Z,1,20.41,0
2026-02-05T18:26:19.547Z,1,20.15,0
2026-02-05T18:26:19.597Z,1,20.11,0
2026-02-05T18:26:19.648Z,1,20.39,0
2026-02-05T18:26:19.698Z,2,20.19,0
2026-02-05T18:26:19.748Z,3,20.42,0
2026-02-05T18:26:19.799Z,3,20.31,0
2026-02-05T18:26:19.849Z,3,20.32,0
2026-02-05T18:26:19.899Z,3,20.46,0
2026-02-05T18:26:20.007Z,3,50.97,0
2026-02-05T18:26:20.187Z,3,NaN,0
2026-02-05T18:26:20.237Z,3,20.26,0
2026-02-05T18:26:20.287Z,3,20.37,0
2026-02-05T18:26:20.397Z,4,109.67,0
2026-02-05T18:26:20.448Z,3,20.39,0
2026-02-05T18:26:20.499Z,3,20.30,0
2026-02-05T18:26:20.549Z,3,20.37,0
2026-02-05T18:26:20.599Z,3,20.42,0
2026-02-05T18:26:20.650Z,3,20.29,0
2026-02-05T18:26:20.701Z,3,20.31,0
2026-02-05T18:26:20.813Z,3,111.77,0
2026-02-05T18:26:20.864Z,4,20.18,0
2026-02-05T18:26:20.914Z,4,20.18,0
2026-02-05T18:26:20.965Z,4,20.55,0
2026-02-05T18:26:21.015Z,4,20.41,0
2026-02-05T18:26:21.066Z,4,20.34,0
2026-02-05T18:26:21.117Z,3,20.37,0
2026-02-05T18:26:21.167Z,3,20.41,0
2026-02-05T18:26:21.217Z,3,20.57,0
2026-02-05T18:26:21.268Z,3,20.42,0
2026-02-05T18:26:21.318Z,3,20.36,0
2026-02-05T18:26:21.368Z,3,20.35,0
2026-02-05T18:26:21.418Z,3,19.67,0
2026-02-05T18:26:21.469Z,3,20.13,0
2026-02-05T18:26:21.519Z,3,20.37,0
2026-02-05T18:26:21.569Z,3,20.46,0
2026-02-05T18:26:21.620Z,3,20.16,0
2026-02-05T18:26:21.670Z,3,20.28,0
2026-02-05T18:26:21.721Z,2,19.95,0
2026-02-05T18:26:21.771Z,1,20.31,0
2026-02-05T18:26:21.821Z,1,20.14,0
2026-02-05T18:26:21.872Z,1,20.47,0
2026-02-05T18:26:21.922Z,2,20.67,0
2026-02-05T18:26:21.973Z,2,20.28,0
2026-02-05T18:26:22.023Z,2,20.59,0
2026-02-05T18:26:22.073Z,2,20.30,0
2026-02-05T18:26:22.123Z,2,20.64,0
2026-02-05T18:26:22.174Z,2,20.29,0
2026-02-05T18:26:22.224Z,2,19.61,0
2026-02-05T18:26:22.274Z,2,20.43,0
2026-02-05T18:26:22.324Z,3,20.73,0
2026-02-05T18:26:22.374Z,3,20.29,0
2026-02-05T18:26:22.496Z,4,59.54,0
2026-02-05T18:26:22.546Z,3,20.46,0
2026-02-05T18:26:22.596Z,3,20.52,0
2026-02-05T18:26:22.647Z,3,20.03,0
2026-02-05T18:26:22.698Z,4,20.41,0
2026-02-05T18:26:22.748Z,3,19.85,0
2026-02-05T18:26:22.799Z,3,20.59,0
2026-02-05T18:26:22.898Z,2,79.59,0
2026-02-05T18:26:23.082Z,2,NaN,0
2026-02-05T18:26:23.133Z,3,20.42,0
2026-02-05T18:26:23.184Z,3,20.39,0
2026-02-05T18:26:23.235Z,3,20.27,0
2026-02-05T18:26:23.285Z,3,20.09,0
2026-02-05T18:26:23.336Z,3,20.44,0
2026-02-05T18:26:23.387Z,3,20.02,0
2026-02-05T18:26:23.437Z,3,20.31,0
2026-02-05T18:26:23.488Z,3,19.97,0
2026-02-05T18:26:23.538Z,3,20.26,0
2026-02-05T18:26:23.587Z,3,20.50,0
2026-02-05T18:26:23.638Z,3,20.39,0
2026-02-05T18:26:23.689Z,4,20.36,0
2026-02-05T18:26:23.795Z,4,NaN,0
2026-02-05T18:26:23.844Z,7,20.85,0
2026-02-05T18:26:23.894Z,7,20.13,0
2026-02-05T18:26:23.944Z,6,20.55,0
2026-02-05T18:26:23.994Z,6,20.29,0
2026-02-05T18:26:24.045Z,6,20.32,0
2026-02-05T18:26:24.095Z,7,20.52,0
2026-02-05T18:26:24.146Z,7,20.26,0
2026-02-05T18:26:24.196Z,7,20.52,0
2026-02-05T18:26:24.247Z,7,20.48,0
2026-02-05T18:26:24.296Z,7,20.39,0
2026-02-05T18:26:24.347Z,6,20.19,0
2026-02-05T18:26:24.398Z,6,20.52,0
2026-02-05T18:26:24.448Z,6,19.86,0
2026-02-05T18:26:24.499Z,6,20.37,0
2026-02-05T18:26:24.550Z,6,20.65,0
2026-02-05T18:26:24.600Z,6,20.23,0
2026-02-05T18:26:24.650Z,6,20.43,0
2026-02-05T18:26:24.696Z,6,20.14,0
2026-02-05T18:26:24.747Z,6,20.41,0
2026-02-05T18:26:24.796Z,6,19.72,0
2026-02-05T18:26:24.846Z,6,20.32,0
2026-02-05T18:26:24.897Z,6,20.34,0
2026-02-05T18:26:24.989Z,6,82.02,0
2026-02-05T18:26:25.040Z,6,20.31,0
2026-02-05T18:26:25.090Z,5,20.05,0
2026-02-05T18:26:25.140Z,5,20.31,0
2026-02-05T18:26:25.191Z,5,20.52,0
2026-02-05T18:26:25.242Z,6,19.84,0
2026-02-05T18:26:25.292Z,6,20.54,0
2026-02-05T18:26:25.343Z,7,20.18,0
2026-02-05T18:26:25.394Z,7,20.52,0
2026-02-05T18:26:25.444Z,7,20.14,0
2026-02-05T18:26:25.495Z,7,20.39,0
2026-02-05T18:26:25.546Z,8,20.31,0
2026-02-05T18:26:25.596Z,8,20.52,0
2026-02-05T18:26:25.646Z,8,20.00,0
2026-02-05T18:26:25.696Z,7,20.29,0
2026-02-05T18:26:25.747Z,7,20.36,0
2026-02-05T18:26:25.797Z,4,20.32,0
2026-02-05T18:26:25.847Z,4,20.57,0
2026-02-05T18:26:25.897Z,4,20.36,0
2026-02-05T18:26:25.947Z,4,20.04,0
2026-02-05T18:26:25.997Z,4,20.24,0
2026-02-05T18:26:26.048Z,4,20.28,0
2026-02-05T18:26:26.099Z,5,20.23,0
2026-02-05T18:26:26.378Z,6,NaN,0
2026-02-05T18:26:26.428Z,4,20.65,0
2026-02-05T18:26:26.479Z,4,19.52,0
2026-02-05T18:26:26.529Z,4,20.32,0
2026-02-05T18:26:26.579Z,4,20.50,0
2026-02-05T18:26:26.630Z,4,20.21,0
2026-02-05T18:26:26.681Z,4,20.32,0
2026-02-05T18:26:26.732Z,4,20.46,0
2026-02-05T18:26:26.782Z,4,20.32,0
2026-02-05T18:26:26.903Z,4,20.30,0
2026-02-05T18:26:26.953Z,4,20.26,0
2026-02-05T18:26:27.004Z,4,20.31,0
2026-02-05T18:26:27.054Z,4,20.29,0
2026-02-05T18:26:27.105Z,4,20.24,0
2026-02-05T18:26:27.155Z,4,20.37,0
2026-02-05T18:26:27.290Z,4,20.34,0
2026-02-05T18:26:27.340Z,2,20.42,0
2026-02-05T18:26:27.390Z,4,20.46,0
2026-02-05T18:26:27.440Z,2,19.87,0
2026-02-05T18:26:27.490Z,3,20.36,0
2026-02-05T18:26:27.597Z,3,19.90,0
2026-02-05T18:26:27.778Z,3,180.68,0
2026-02-05T18:26:27.828Z,2,20.23,0
2026-02-05T18:26:27.879Z,2,20.26,0
2026-02-05T18:26:27.929Z,2,20.54,0
2026-02-05T18:26:27.980Z,2,20.34,0
2026-02-05T18:26:28.096Z,2,57.71,0
2026-02-05T18:26:28.146Z,1,20.29,0
2026-02-05T18:26:28.196Z,1,20.24,0
2026-02-05T18:26:28.247Z,1,19.87,0
2026-02-05T18:26:28.297Z,3,20.39,0
2026-02-05T18:26:28.347Z,1,20.66,0
2026-02-05T18:26:28.397Z,1,20.34,0
2026-02-05T18:26:28.447Z,1,19.96,0
2026-02-05T18:26:28.497Z,1,20.26,0
2026-02-05T18:26:28.548Z,1,20.08,0
2026-02-05T18:26:28.687Z,1,20.31,0
2026-02-05T18:26:28.738Z,1,19.98,0
2026-02-05T18:26:28.887Z,4,20.49,0
2026-02-05T18:26:29.091Z,6,204.54,0
2026-02-05T18:26:29.142Z,4,20.24,0
2026-02-05T18:26:29.192Z,4,20.51,0
2026-02-05T18:26:29.243Z,4,20.46,0
2026-02-05T18:26:29.293Z,4,20.14,0
2026-02-05T18:26:29.343Z,4,20.12,0
2026-02-05T18:26:29.394Z,4,20.44,0
2026-02-05T18:26:29.444Z,4,20.77,0
2026-02-05T18:26:29.494Z,3,20.36,0
2026-02-05T18:26:29.544Z,3,20.39,0
2026-02-05T18:26:29.594Z,3,20.13,0
2026-02-05T18:26:29.644Z,3,20.21,0
2026-02-05T18:26:29.694Z,3,19.65,0
2026-02-05T18:26:29.744Z,3,20.29,0
2026-02-05T18:26:29.794Z,3,20.32,0
2026-02-05T18:26:29.844Z,3,20.33,0
2026-02-05T18:26:29.894Z,3,20.32,0
2026-02-05T18:26:29.945Z,3,20.25,0
2026-02-05T18:26:29.995Z,3,20.39,0
2026-02-05T18:26:30.045Z,3,20.25,0
2026-02-05T18:26:30.095Z,4,20.32,0
2026-02-05T18:26:30.146Z,3,20.37,0
2026-02-05T18:26:30.196Z,3,20.47,0
2026-02-05T18:26:30.247Z,3,20.32,0
2026-02-05T18:26:30.298Z,3,20.52,0
2026-02-05T18:26:30.348Z,3,19.70,0
2026-02-05T18:26:30.399Z,3,20.36,0
2026-02-05T18:26:30.448Z,5,19.55,0
2026-02-05T18:26:30.498Z,5,20.44,0
2026-02-05T18:26:30.549Z,5,20.57,0
2026-02-05T18:26:30.599Z,5,20.34,0
2026-02-05T18:26:30.649Z,5,20.41,0
2026-02-05T18:26:30.699Z,6,19.91,0
2026-02-05T18:26:30.749Z,6,20.34,0
2026-02-05T18:26:30.800Z,4,19.96,0
2026-02-05T18:26:30.851Z,4,20.29,0
2026-02-05T18:26:30.902Z,4,20.29,0
2026-02-05T18:26:30.953Z,4,20.54,0
2026-02-05T18:26:31.003Z,4,20.37,0
2026-02-05T18:26:31.054Z,4,20.32,0
2026-02-05T18:26:31.103Z,4,20.12,0
2026-02-05T18:26:31.154Z,5,20.34,0
2026-02-05T18:26:31.290Z,5,19.59,0
2026-02-05T18:26:31.496Z,6,103.22,0
2026-02-05T18:26:31.698Z,12,NaN,0
2026-02-05T18:26:31.901Z,9,NaN,0
2026-02-05T18:26:32.087Z,9,NaN,0
2026-02-05T18:26:32.287Z,5,NaN,0
2026-02-05T18:26:32.337Z,6,20.13,0
2026-02-05T18:26:32.387Z,6,20.37,0
2026-02-05T18:26:32.438Z,4,20.46,0
2026-02-05T18:26:32.488Z,4,20.32,0
2026-02-05T18:26:32.590Z,4,101.35,0
2026-02-05T18:26:32.640Z,4,20.32,0
2026-02-05T18:26:32.689Z,4,20.37,0
2026-02-05T18:26:32.740Z,3,20.60,0
2026-02-05T18:26:32.791Z,3,20.49,0
2026-02-05T18:26:32.842Z,3,20.36,0
2026-02-05T18:26:32.893Z,3,20.49,0
2026-02-05T18:26:32.994Z,4,99.71,0
2026-02-05T18:26:33.044Z,3,20.32,0
2026-02-05T18:26:33.094Z,5,20.41,0
2026-02-05T18:26:33.144Z,3,20.39,0
2026-02-05T18:26:33.194Z,3,20.32,0
2026-02-05T18:26:33.245Z,3,20.35,0
2026-02-05T18:26:33.297Z,7,20.24,0
2026-02-05T18:26:33.396Z,3,96.63,0
2026-02-05T18:26:33.446Z,3,20.18,0
2026-02-05T18:26:33.497Z,3,20.31,0
2026-02-05T18:26:33.548Z,3,20.43,0
2026-02-05T18:26:33.599Z,3,20.39,0
2026-02-05T18:26:33.649Z,3,20.21,0
2026-02-05T18:26:33.790Z,4,20.32,0
2026-02-05T18:26:33.841Z,6,20.25,0
2026-02-05T18:26:33.892Z,6,20.39,0
2026-02-05T18:26:33.942Z,6,20.30,0
2026-02-05T18:26:33.992Z,6,20.23,0
2026-02-05T18:26:34.043Z,6,20.62,0
2026-02-05T18:26:34.093Z,6,20.50,0
2026-02-05T18:26:34.189Z,7,94.27,0
2026-02-05T18:26:34.381Z,14,NaN,0
2026-02-05T18:26:34.575Z,14,194.18,0
2026-02-05T18:26:34.625Z,7,19.31,0
2026-02-05T18:26:34.676Z,7,20.36,0
2026-02-05T18:26:34.726Z,7,20.20,0
2026-02-05T18:26:34.776Z,7,20.41,0
2026-02-05T18:26:34.827Z,8,19.98,0
2026-02-05T18:26:34.878Z,8,20.36,0
2026-02-05T18:26:34.927Z,8,20.46,0
2026-02-05T18:26:34.978Z,9,20.36,0
2026-02-05T18:26:35.028Z,9,20.42,0
2026-02-05T18:26:35.079Z,9,20.46,0
2026-02-05T18:26:35.129Z,7,19.91,0
2026-02-05T18:26:35.179Z,7,20.37,0
2026-02-05T18:26:35.229Z,7,20.09,0
2026-02-05T18:26:35.279Z,7,20.28,0
2026-02-05T18:26:35.329Z,7,20.38,0
2026-02-05T18:26:35.379Z,7,20.49,0
2026-02-05T18:26:35.497Z,10,NaN,0
2026-02-05T18:26:35.548Z,8,19.55,0
2026-02-05T18:26:35.597Z,9,22.26,0
2026-02-05T18:26:35.648Z,9,20.33,0
2026-02-05T18:26:35.698Z,8,19.55,0
2026-02-05T18:26:35.749Z,8,20.37,0
2026-02-05T18:26:35.800Z,7,20.29,0
2026-02-05T18:26:35.850Z,6,20.31,0
2026-02-05T18:26:35.901Z,6,20.41,0
2026-02-05T18:26:35.952Z,6,20.40,0
2026-02-05T18:26:36.001Z,6,19.52,0
2026-02-05T18:26:36.051Z,6,20.41,0
2026-02-05T18:26:36.101Z,7,20.32,0
2026-02-05T18:26:36.152Z,6,20.35,0
2026-02-05T18:26:36.202Z,6,20.50,0
2026-02-05T18:26:36.253Z,6,20.38,0
2026-02-05T18:26:36.303Z,6,20.37,0
2026-02-05T18:26:36.353Z,6,20.39,0
2026-02-05T18:26:36.403Z,5,20.60,0
2026-02-05T18:26:36.454Z,5,20.43,0
2026-02-05T18:26:36.596Z,8,20.32,0
2026-02-05T18:26:36.913Z,14,317.33,0
2026-02-05T18:26:36.968Z,14,NaN,0
2026-02-05T18:26:37.481Z,12,512.88,0
2026-02-05T18:26:37.684Z,13,NaN,0
2026-02-05T18:26:37.734Z,4,20.04,0
2026-02-05T18:26:37.784Z,4,20.16,0
2026-02-05T18:26:37.835Z,4,20.13,0
2026-02-05T18:26:37.885Z,4,20.36,0
2026-02-05T18:26:37.936Z,5,20.41,0
2026-02-05T18:26:37.986Z,5,20.28,0
2026-02-05T18:26:38.036Z,5,20.56,0
2026-02-05T18:26:38.086Z,5,20.34,0
2026-02-05T18:26:38.136Z,4,20.63,0
2026-02-05T18:26:38.186Z,4,20.29,0
2026-02-05T18:26:38.236Z,4,20.33,0
2026-02-05T18:26:38.286Z,4,20.23,0
2026-02-05T18:26:38.337Z,4,19.87,0
2026-02-05T18:26:38.387Z,4,20.19,0
2026-02-05T18:26:38.437Z,4,20.22,0
2026-02-05T18:26:38.491Z,10,20.18,0
2026-02-05T18:26:38.542Z,5,19.91,0
2026-02-05T18:26:38.593Z,5,20.21,0
2026-02-05T18:26:38.642Z,5,20.31,0
2026-02-05T18:26:38.693Z,7,20.37,0
2026-02-05T18:26:38.744Z,6,20.62,0
2026-02-05T18:26:38.795Z,7,20.23,0
2026-02-05T18:26:38.845Z,6,20.37,0
2026-02-05T18:26:38.895Z,6,20.29,0
2026-02-05T18:26:38.945Z,6,20.26,0
2026-02-05T18:26:38.995Z,8,20.11,0
2026-02-05T18:26:39.045Z,8,20.23,0
2026-02-05T18:26:39.095Z,8,20.29,0
2026-02-05T18:26:39.145Z,8,20.00,0
2026-02-05T18:26:39.195Z,8,20.16,0
2026-02-05T18:26:39.246Z,8,20.26,0
2026-02-05T18:26:39.296Z,8,20.19,0
2026-02-05T18:26:39.347Z,8,20.03,0
2026-02-05T18:26:39.398Z,8,20.56,0
2026-02-05T18:26:39.447Z,9,20.65,0
2026-02-05T18:26:39.612Z,11,20.50,0
2026-02-05T18:26:39.666Z,13,53.79,0
2026-02-05T18:26:39.873Z,10,186.45,0
2026-02-05T18:26:40.195Z,17,NaN,0
2026-02-05T18:26:40.570Z,17,NaN,0
2026-02-05T18:26:40.785Z,15,NaN,0
2026-02-05T18:26:40.980Z,20,NaN,0
2026-02-05T18:26:41.188Z,7,188.15,0
2026-02-05T18:26:41.238Z,7,20.34,0
2026-02-05T18:26:41.289Z,7,20.34,0
2026-02-05T18:26:41.340Z,7,20.60,0
2026-02-05T18:26:41.391Z,7,20.28,0
2026-02-05T18:26:41.442Z,6,20.41,0
2026-02-05T18:26:41.492Z,5,20.26,0
2026-02-05T18:26:41.542Z,4,20.19,0
2026-02-05T18:26:41.701Z,7,20.06,0
2026-02-05T18:26:41.751Z,8,20.13,0
2026-02-05T18:26:41.975Z,11,20.44,0
2026-02-05T18:26:42.025Z,10,20.67,0
2026-02-05T18:26:42.075Z,10,20.36,0
2026-02-05T18:26:42.125Z,10,20.26,0
2026-02-05T18:26:42.176Z,10,20.29,0
2026-02-05T18:26:42.293Z,10,NaN,0
2026-02-05T18:26:42.342Z,8,20.50,0
2026-02-05T18:26:42.393Z,8,20.50,0
2026-02-05T18:26:42.444Z,8,20.15,0
2026-02-05T18:26:42.494Z,8,20.16,0
2026-02-05T18:26:42.593Z,9,49.13,0
2026-02-05T18:26:42.644Z,10,20.32,0
2026-02-05T18:26:42.694Z,10,20.21,0
2026-02-05T18:26:42.796Z,11,NaN,0
2026-02-05T18:26:42.847Z,9,20.32,0
2026-02-05T18:26:42.898Z,9,20.66,0
2026-02-05T18:26:42.947Z,9,20.32,0
2026-02-05T18:26:42.998Z,11,20.37,0
2026-02-05T18:26:43.048Z,12,20.41,0
2026-02-05T18:26:43.099Z,12,20.37,0
2026-02-05T18:26:43.149Z,12,20.68,0
2026-02-05T18:26:43.199Z,12,19.93,0
2026-02-05T18:26:43.250Z,12,20.44,0
2026-02-05T18:26:43.300Z,14,20.44,0
2026-02-05T18:26:43.350Z,12,20.52,0
2026-02-05T18:26:43.400Z,13,20.29,0
2026-02-05T18:26:43.450Z,13,20.08,0
2026-02-05T18:26:43.502Z,14,20.18,0
2026-02-05T18:26:43.553Z,13,20.41,0
2026-02-05T18:26:43.604Z,11,20.54,0
2026-02-05T18:26:43.654Z,11,20.41,0
2026-02-05T18:26:43.706Z,11,20.36,0
2026-02-05T18:26:43.756Z,9,20.22,0
2026-02-05T18:26:43.806Z,12,20.47,0
2026-02-05T18:26:43.857Z,9,20.37,0
2026-02-05T18:26:43.907Z,9,20.36,0
2026-02-05T18:26:43.958Z,10,20.73,0
2026-02-05T18:26:44.097Z,11,NaN,0
2026-02-05T18:26:44.609Z,19,511.84,0
2026-02-05T18:26:45.184Z,16,NaN,0
2026-02-05T18:26:45.267Z,18,NaN,0
2026-02-05T18:26:45.316Z,7,21.08,0
2026-02-05T18:26:45.366Z,7,20.34,0
2026-02-05T18:26:45.416Z,6,20.28,0
2026-02-05T18:26:45.466Z,7,20.16,0
2026-02-05T18:26:45.516Z,7,20.47,0
2026-02-05T18:26:45.566Z,7,20.52,0
2026-02-05T18:26:45.695Z,9,20.35,0
2026-02-05T18:26:45.746Z,9,20.25,0
2026-02-05T18:26:45.795Z,9,20.23,0
2026-02-05T18:26:45.845Z,9,20.55,0
2026-02-05T18:26:45.896Z,9,20.36,0
2026-02-05T18:26:45.946Z,8,20.43,0
2026-02-05T18:26:45.996Z,8,20.39,0
2026-02-05T18:26:46.047Z,8,20.45,0
2026-02-05T18:26:46.097Z,8,20.36,0
2026-02-05T18:26:46.147Z,7,20.40,0
2026-02-05T18:26:46.205Z,15,20.19,0
2026-02-05T18:26:46.256Z,8,20.57,0
2026-02-05T18:26:46.307Z,9,20.87,0
2026-02-05T18:26:46.358Z,9,20.65,0
2026-02-05T18:26:46.408Z,10,20.21,0
2026-02-05T18:26:46.459Z,9,20.44,0
2026-02-05T18:26:46.510Z,10,20.09,0
2026-02-05T18:26:46.561Z,10,20.73,0
2026-02-05T18:26:46.611Z,10,20.32,0
2026-02-05T18:26:46.662Z,11,20.50,0
2026-02-05T18:26:46.796Z,13,20.41,0
2026-02-05T18:26:46.846Z,11,19.81,0
2026-02-05T18:26:46.897Z,11,20.21,0
2026-02-05T18:26:46.948Z,11,20.25,0
2026-02-05T18:26:46.999Z,11,20.26,0
2026-02-05T18:26:47.049Z,11,20.31,0
2026-02-05T18:26:47.100Z,11,20.36,0
2026-02-05T18:26:47.150Z,11,20.23,0
2026-02-05T18:26:47.200Z,12,20.29,0
2026-02-05T18:26:47.397Z,10,189.99,0
2026-02-05T18:26:47.593Z,25,NaN,0
2026-02-05T18:26:47.644Z,9,20.34,0
2026-02-05T18:26:47.694Z,9,20.23,0
2026-02-05T18:26:47.745Z,7,19.77,0
2026-02-05T18:26:47.794Z,7,20.52,0
2026-02-05T18:26:47.845Z,8,20.46,0
2026-02-05T18:26:47.894Z,8,20.23,0
2026-02-05T18:26:47.944Z,8,20.50,0
2026-02-05T18:26:47.995Z,8,20.40,0
2026-02-05T18:26:48.046Z,8,20.24,0
2026-02-05T18:26:48.096Z,8,20.41,0
2026-02-05T18:26:48.147Z,8,19.67,0
2026-02-05T18:26:48.197Z,8,20.39,0
2026-02-05T18:26:48.293Z,8,NaN,0
2026-02-05T18:26:48.343Z,6,20.37,0
2026-02-05T18:26:48.394Z,6,20.36,0
2026-02-05T18:26:48.444Z,6,20.29,0
2026-02-05T18:26:48.494Z,5,20.36,0
2026-02-05T18:26:48.544Z,5,20.59,0
2026-02-05T18:26:48.595Z,5,20.26,0
2026-02-05T18:26:48.702Z,11,NaN,0
2026-02-05T18:26:48.890Z,9,187.76,0
2026-02-05T18:26:49.201Z,11,NaN,0
2026-02-05T18:26:49.391Z,7,NaN,0
2026-02-05T18:26:49.583Z,13,NaN,0
2026-02-05T18:26:49.633Z,3,20.25,0
2026-02-05T18:26:49.683Z,3,20.34,0
2026-02-05T18:26:49.733Z,3,21.18,0
2026-02-05T18:26:49.783Z,3,20.28,0
2026-02-05T18:26:49.833Z,2,20.42,0
2026-02-05T18:26:49.884Z,2,20.21,0
2026-02-05T18:26:49.992Z,3,100.83,0
2026-02-05T18:26:50.041Z,2,20.32,0
2026-02-05T18:26:50.091Z,2,20.49,0
2026-02-05T18:26:50.141Z,2,20.47,0
2026-02-05T18:26:50.191Z,2,20.47,0
2026-02-05T18:26:50.241Z,2,20.36,0
2026-02-05T18:26:50.291Z,2,20.28,0
2026-02-05T18:26:50.342Z,2,20.37,0
2026-02-05T18:26:50.393Z,2,20.37,0
2026-02-05T18:26:50.443Z,2,20.24,0
2026-02-05T18:26:50.494Z,2,20.26,0
2026-02-05T18:26:50.543Z,2,20.19,0
2026-02-05T18:26:50.706Z,3,21.01,0
2026-02-05T18:26:51.084Z,11,376.05,0
2026-02-05T18:26:51.134Z,1,20.14,0
2026-02-05T18:26:51.184Z,1,20.50,0
2026-02-05T18:26:51.291Z,2,53.34,0
2026-02-05T18:26:51.342Z,1,20.32,0
2026-02-05T18:26:51.393Z,1,20.32,0
2026-02-05T18:26:51.443Z,1,19.91,0
2026-02-05T18:26:51.493Z,1,20.52,0
2026-02-05T18:26:51.543Z,1,20.32,0
2026-02-05T18:26:51.593Z,1,20.41,0
2026-02-05T18:26:51.643Z,1,20.26,0
2026-02-05T18:26:51.694Z,1,20.32,0
2026-02-05T18:26:51.790Z,2,94.27,0
2026-02-05T18:26:51.840Z,1,20.09,0
2026-02-05T18:26:51.890Z,1,20.39,0
2026-02-05T18:26:51.941Z,1,20.68,0
2026-02-05T18:26:51.991Z,1,20.34,0
2026-02-05T18:26:52.042Z,1,20.37,0
2026-02-05T18:26:52.191Z,2,20.41,0
2026-02-05T18:26:52.241Z,4,20.25,0
2026-02-05T18:26:52.290Z,4,20.50,0
2026-02-05T18:26:52.390Z,4,NaN,0
2026-02-05T18:26:52.575Z,4,184.88,0
2026-02-05T18:26:52.625Z,4,21.01,0
2026-02-05T18:26:52.676Z,4,20.32,0
2026-02-05T18:26:52.727Z,4,20.49,0
2026-02-05T18:26:52.777Z,4,20.37,0
2026-02-05T18:26:52.827Z,5,20.62,0
2026-02-05T18:26:52.877Z,5,20.26,0
2026-02-05T18:26:52.928Z,4,20.78,0
2026-02-05T18:26:52.978Z,4,20.24,0
2026-02-05T18:26:53.027Z,4,20.28,0
2026-02-05T18:26:53.078Z,4,20.16,0
2026-02-05T18:26:53.127Z,4,20.23,0
2026-02-05T18:26:53.178Z,4,20.42,0
2026-02-05T18:26:53.289Z,6,105.81,0
2026-02-05T18:26:53.478Z,9,NaN,0
2026-02-05T18:26:53.527Z,6,20.14,0
2026-02-05T18:26:53.577Z,6,20.26,0
2026-02-05T18:26:53.628Z,7,20.32,0
2026-02-05T18:26:53.677Z,7,20.42,0
2026-02-05T18:26:53.727Z,7,20.09,0
2026-02-05T18:26:53.778Z,7,20.37,0
2026-02-05T18:26:53.828Z,7,20.44,0
2026-02-05T18:26:53.878Z,7,20.50,0
2026-02-05T18:26:53.928Z,7,20.47,0
2026-02-05T18:26:53.979Z,7,20.41,0
2026-02-05T18:26:54.030Z,7,20.49,0
2026-02-05T18:26:54.079Z,7,20.39,0
2026-02-05T18:26:54.130Z,7,20.42,0
2026-02-05T18:26:54.179Z,7,20.50,0
2026-02-05T18:26:54.230Z,4,20.09,0
2026-02-05T18:26:54.281Z,4,20.33,0
2026-02-05T18:26:54.332Z,4,20.72,0
2026-02-05T18:26:54.382Z,4,20.46,0
2026-02-05T18:26:54.433Z,4,20.23,0
2026-02-05T18:26:54.482Z,4,20.42,0
2026-02-05T18:26:54.592Z,7,NaN,0
2026-02-05T18:26:54.643Z,5,20.49,0
2026-02-05T18:26:54.689Z,5,20.28,0
2026-02-05T18:26:54.740Z,5,20.37,0
2026-02-05T18:26:54.791Z,5,20.31,0
2026-02-05T18:26:54.842Z,4,20.55,0
2026-02-05T18:26:54.893Z,4,20.44,0
2026-02-05T18:26:54.943Z,4,20.23,0
2026-02-05T18:26:54.994Z,4,20.42,0
2026-02-05T18:26:55.044Z,4,20.35,0
2026-02-05T18:26:55.094Z,4,20.36,0
2026-02-05T18:26:55.144Z,4,20.32,0
2026-02-05T18:26:55.292Z,3,20.16,0
2026-02-05T18:26:55.343Z,3,20.36,0
2026-02-05T18:26:55.394Z,3,20.37,0
2026-02-05T18:26:55.445Z,3,20.62,0
2026-02-05T18:26:55.496Z,2,20.41,0
2026-02-05T18:26:55.546Z,2,20.24,0
2026-02-05T18:26:55.597Z,1,20.17,0
2026-02-05T18:26:55.648Z,1,20.26,0
2026-02-05T18:26:55.698Z,1,20.17,0
2026-02-05T18:26:55.750Z,1,20.31,0
2026-02-05T18:26:55.800Z,1,20.09,0
2026-02-05T18:26:55.850Z,1,20.26,0
2026-02-05T18:26:55.900Z,1,20.22,0
2026-02-05T18:26:55.950Z,1,20.34,0
2026-02-05T18:26:56.000Z,1,19.97,0
2026-02-05T18:26:56.051Z,1,20.18,0
2026-02-05T18:26:56.100Z,1,20.19,0
2026-02-05T18:26:56.151Z,1,20.49,0
2026-02-05T18:26:56.202Z,1,20.39,0
2026-02-05T18:26:56.252Z,1,20.50,0
2026-02-05T18:26:56.302Z,1,20.34,0
2026-02-05T18:26:56.352Z,1,20.31,0
2026-02-05T18:26:56.401Z,1,20.19,0
2026-02-05T18:26:56.452Z,1,20.17,0
